claim_id,deal_id,source_name,platform,claim_date,stage,source_url,raw_quote,verified
1,28,Fabrizio Romano,twitter,2025-08-16,agreement,https://x.com/FabrizioRomano/status/1956742787992330675,Eze personal terms agreed with Spurs; fee talks ongoing,YES
2,8,Fabrizio Romano,twitter,2025-08-20,here_we_go,https://x.com/FabrizioRomano/status/1958270938765533643,Eze to Arsenal here we go; Arsenal win race over Spurs,YES
3,8,David Ornstein,twitter,2025-08-21,agreement,https://x.com/David_Ornstein/status/1958260267693048130,Arsenal reach agreement in principle with Palace for Eze,YES
4,8,Sky Sports,news_site,2025-08-23,official,https://www.skysports.com/football/news/11095/13416014,Arsenal sign Eze in 67.5m deal; medical completed,YES
5,31,Florian Plettenberg,twitter,2025-06-26,agreement,https://x.com/Plettigoal/status/1938290479814095001,Bayern and Woltemade reach full verbal agreement on personal terms,YES
6,17,Fabrizio Romano,twitter,2025-08-30,official,https://x.com/FabrizioRomano/status/1961731284683616441,Official Woltemade joins Newcastle club record deal,YES
7,17,Sky Sports,news_site,2025-08-30,agreement,https://www.skysports.com/football/news/11678/13420116,Newcastle agree club record deal; medical to follow,YES
8,17,BBC Sport,news_site,2025-08-30,official,https://feeds.bbci.co.uk/sport/football/articles/c9vdzl3gek3o,Newcastle sign Woltemade in club record 69m deal,YES
9,37,Fabrizio Romano,twitter,2025-07-09,interest,https://x.com/FabrizioRomano/status/1942986564990063032,Newcastle keen on Ekitike amid Premier League interest,YES
10,37,Julien Laurens,news_site,2025-07-14,medical,https://www.espn.com/soccer/story/_/id/45740144/newcastle-transfers-hugo-ekitike-set-80m-move-sources,Newcastle on verge of 80m deal; player prepared for medical,YES
11,37,Florian Plettenberg,twitter,2025-07-16,advanced,https://www.givemesport.com/hugo-ekitike-advanced-deal-progressing-newcastle-united/,Newcastle talks advanced; Frankfurt expecting second offer,YES
12,3,David Ornstein,twitter,2025-07-16,talks,https://www.nufcblog.co.uk/2025/07/16/liverpool-make-hugo-ekitike-move-david-ornstein-update/,Liverpool contact Frankfurt over possible Ekitike move,YES
13,3,Mark McAdam,news_site,2025-07-23,agreement,https://www.skysports.com/football/news/11095/13399592,Liverpool reach full agreement with Frankfurt; medical underway,YES
14,3,Fabrizio Romano,twitter,2025-07-20,here_we_go,https://x.com/FabrizioRomano/status/1946857051520376856,Ekitike to Liverpool here we go; deal in place,YES
15,1,David Ornstein,news_site,2025-08-07,advanced,https://www.givemesport.com/david-ornstein-shares-alexander-isak-to-liverpool-update/,Good chance Isak departs Newcastle by deadline; Liverpool preferred,YES
16,1,Sky Sports,news_site,2025-09-01,official,https://www.skysports.com/football/news/11669/13422894,Isak joins Liverpool in British record 125m deadline-day deal,YES
17,1,Fabrizio Romano,twitter,2025-09-01,here_we_go,https://anfieldindex.com/85707/here-we-go-fabrizio-romano-confirms-liverpool-will-sign-alexander-isak-for-130m.html,Isak to Liverpool here we go; medical on deadline day,YES
18,2,David Ornstein,twitter,2025-06-13,agreement,https://x.com/David_Ornstein/status/1933457244663804024,Liverpool strike verbal agreement with Leverkusen for Wirtz,YES
19,2,Fabrizio Romano,twitter,2025-06-10,here_we_go,https://x.com/FabrizioRomano/status/1932537807039603095,Wirtz to Liverpool here we go; deal in principle agreed,YES
20,38,Florian Plettenberg,twitter,2025-03-04,interest,https://www.bavarianfootballworks.com/2025/3/4/24377484,Bayern in ongoing talks for Wirtz; targeting summer move,YES
21,26,Fabrizio Romano,twitter,2025-09-01,here_we_go,https://x.com/FabrizioRomano/status/1962520297883545845,Liverpool agree deal for Guehi here we go; fee over 35m,YES
22,26,BBC Sport,news_site,2025-08-30,talks,https://feeds.bbci.co.uk/sport/football/articles/c5ypkrgp8p6o,Liverpool improve bid to 35m; fee negotiations ongoing,YES
23,26,David Ornstein,twitter,2025-09-01,denied,https://x.com/David_Ornstein/status/1962586980333556155,Guehi set to stay at Palace despite medical; Palace replacement issue,YES
24,29,Fabrizio Romano,twitter,2025-06-29,agreement,https://x.com/FabrizioRomano/status/1937527724848849052,Barca-Nico agreement on personal terms done; Athletic fee unresolved,YES
25,29,Goal,news_site,2025-06-17,agreement,https://www.goal.com/en/lists/barcelona-reach-agreement-sign-nico-williams-six-year-contract/bltcaace7bd2a1cfd6f,Barca secure pre-agreement with Nico Williams on six-year deal,YES
26,29,Football Espana,news_site,2025-07-04,denied,https://www.football-espana.net/2025/07/04/nico-williams-rejects-barcelona-to-sign-contract-renewal-with-athletic-club,Nico Williams rejects Barca and renews with Athletic,YES
27,39,The Guardian,rss,2026-06-05,official,https://www.theguardian.com/football/2026/jun/05/tottenham-sign-outstanding-andy-robertson-on-a-free-transfer,Tottenham sign Andy Robertson on a free as De Zerbi looks to fill leadership vacuum,YES
28,40,The Guardian,rss,2026-05-27,medical,https://www.theguardian.com/football/2026/may/27/barcelona-advanced-talks-signing-anthony-gordon-newcastle,Anthony Gordon to undergo Barcelona medical before £69.3m move from Newcastle,YES
29,40,The Guardian,rss,2026-05-29,official,https://www.theguardian.com/football/2026/may/29/anthony-gordon-signs-barcelona-from-newcastle-five-year-deal,Anthony Gordon shows ‘fire in belly’ and Spanish skills after joining Barcelona,YES
34,43,BBC Sport,rss,2026-06-16,interest,https://www.bbc.com/sport/football/articles/ce3e03n3r26o?at_medium=RSS&at_campaign=rss,What's next for Jones as Inter Milan step up interest?,auto
35,43,BBC Sport,rss,2026-06-21,denied,https://www.bbc.com/sport/football/articles/cwy05x9gldyo?at_medium=RSS&at_campaign=rss,Liverpool reject £21.7m Inter Milan offer for Jones,auto
36,43,Sky Sports,rss,2026-06-21,denied,https://www.skysports.com/football/news/12691/13556527/paper-talk-liverpool-reject-21m-curtis-jones-offer-from-inter-milan-which-falls-considerably-short-of-valuation,Papers: Liverpool knock back Inter's Jones offer,auto
37,45,The Guardian,rss,2026-05-27,agreement,https://www.theguardian.com/football/2026/may/27/manchester-united-agree-to-sign-ederson-as-midfeld-rebuild-begins-to-take-shape,Manchester United agree £37m deal for Éderson as midfield rebuild starts,YES
38,45,Sky Sports,rss,2026-06-20,advanced,https://www.skysports.com/football/live-blog/12691/13025492/man-utd-transfer-news-rumours-and-gossip-live-updates-and-latest-on-deals-signings-loans-and-contracts,"Man Utd latest: Ederson deal 'almost done', midfielder reveals",YES
39,46,The Guardian,rss,2026-06-08,interest,https://www.theguardian.com/football/2026/jun/08/manchester-united-city-100m-elliot-anderson-transfer-news,Manchester United think they can beat City to £100m-rated Elliot Anderson,YES
40,46,The Guardian,rss,2026-06-10,talks,https://www.theguardian.com/football/2026/jun/10/nottingham-forest-reject-manchester-citys-122m-bid-for-elliot-anderson,Nottingham Forest reject Manchester City’s £122m bid for Elliot Anderson,YES
41,46,BBC Sport,rss,2026-06-25,agreement,https://www.bbc.co.uk/sport/football/articles/cn8qx30q4xqo?at_medium=RSS&at_campaign=rss,Man City agree record fee with Forest for Anderson,YES
42,46,Sky Sports,rss,2026-07-02,official,https://www.skysports.com/football/news/12691/13558090/elliot-anderson-to-man-city-midfielder-completes-record-breaking-116m-transfer-from-nottingham-forest,Anderson's record-breaking £116m Man City move announced,YES
43,47,The Guardian,rss,2026-06-02,interest,https://www.theguardian.com/football/2026/jun/02/everton-interested-in-15m-hayden-hackney-but-face-stiff-competition,Everton interested in £15m Hayden Hackney but face stiff competition,YES
44,47,The Guardian,rss,2026-07-02,official,https://www.theguardian.com/football/2026/jul/02/transfer-latest-premier-league-everton-tottenham,"Transfer roundup: Everton clinch Hackney signing, Spurs announce Fernandes",YES
45,48,The Guardian,rss,2026-05-28,rumour_link,https://www.theguardian.com/football/2026/may/28/ibrahima-konate-set-to-leave-liverpool-after-failing-to-agree-new-contract,Ibrahima Konaté poised to leave Liverpool after failing to agree new contract,YES
46,48,BBC Sport,rss,2026-06-18,agreement,https://www.bbc.com/sport/football/articles/crr8797ek15o?at_medium=RSS&at_campaign=rss,Konate to join Real Madrid on four-year deal,YES
47,48,Sky Sports,rss,2026-06-18,official,https://www.skysports.com/football/news/12040/13555253/ibrahima-konate-joins-real-madrid-jose-mourinho-completes-third-signing-as-laliga-club-confirm-deal-for-defender,Real Madrid confirm Konate signing,YES
48,49,BBC Sport,rss,2026-06-16,agreement,https://www.bbc.com/sport/articles/cpwez2pg8x1o?at_medium=RSS&at_campaign=rss,Spurs agree £52m Van Hecke deal with Brighton,YES
49,49,Sky Sports,rss,2026-06-16,agreement,https://www.skysports.com/football/news/12040/13554757/jan-paul-van-hecke-tottenham-agree-deal-for-brighton-defender-worth-52m,Spurs agree £52m deal to sign Van Hecke from Brighton,YES
50,49,Sky Sports,rss,2026-06-16,official,https://www.skysports.com/football/news/12691/13555493/jan-paul-van-hecke-tottenham-sign-brighton-defender-for-52m,Spurs sign Van Hecke for £52m,YES
51,49,BBC Sport,rss,2026-06-18,official,https://www.bbc.com/sport/football/articles/cgqj33gq21jo?at_medium=RSS&at_campaign=rss,Spurs complete £52m Van Hecke signing from Brighton,YES
52,49,The Guardian,rss,2026-06-18,official,https://www.theguardian.com/football/2026/jun/18/tottenham-52m-van-hecke-de-zerbi-defence,Tottenham complete £52m Van Hecke signing as De Zerbi focuses on defence,YES
53,50,The Guardian,rss,2026-05-26,interest,https://www.theguardian.com/football/2026/may/26/joao-palhinha-wants-to-stay-tottenham-bayern-munich,João Palhinha wants to stay at Tottenham after helping club avoid relegation,auto
54,51,The Guardian,rss,2026-06-09,denied,https://www.theguardian.com/football/2026/jun/09/atletico-madrid-reject-129m-bid-from-real-madrid-for-julian-alvarez,Atlético Madrid reject £129m bid from Real Madrid for Julián Alvarez,auto
55,51,BBC Sport,rss,2026-06-22,interest,https://www.bbc.co.uk/sport/football/articles/cgk6r655j5lo?at_medium=RSS&at_campaign=rss,Argentina's Alvarez wants to leave Atletico Madrid,auto
56,51,Sky Sports,rss,2026-06-23,interest,https://www.skysports.com/football/news/12691/13556913/julian-alvarez-atletico-madrid-striker-says-he-wants-to-leave-club-to-fulfil-his-dream,Alvarez wants to leave Atletico Madrid,auto
58,53,The Guardian,rss,2026-06-15,official,https://www.theguardian.com/football/2026/jun/14/real-madrid-marc-cucurella-chelsea-transfer-window-football,Real Madrid announce signing of Chelsea’s Marc Cucurella in £52m deal,YES
59,54,BBC Sport,rss,2026-06-16,denied,https://www.bbc.com/sport/football/articles/cx2jg48q9y4o?at_medium=RSS&at_campaign=rss,What does future hold for Rashford as deadline passes?,auto
60,54,BBC Sport,rss,2026-06-22,rumour_link,https://www.bbc.com/sport/football/articles/cddlz15pqyqo?at_medium=RSS&at_campaign=rss,Rashford might still join Barca - Monday's gossip,auto
63,56,The Guardian,rss,2026-06-13,interest,https://www.theguardian.com/football/2026/jun/12/manchester-united-west-ham-mateus-fernandes-real-madrid-arsenal-psg,Manchester United lead chase for West Ham’s £80m-rated Mateus Fernandes,YES
64,56,Sky Sports News,rss,2026-06-24,interest,https://www.skysports.com/football/news/12691/13557379/transfer-news-man-utd-and-tottenham-battling-for-west-hams-mateus-fernandes-and-arsenal-target-alex-scott,Man Utd and Spurs battling for Fernandes and Arsenal target Scott,YES
65,56,BBC Sport,rss,2026-06-24,interest,https://www.bbc.co.uk/sport/football/articles/cy4ejzz5jneo?at_medium=RSS&at_campaign=rss,Spurs want West Ham's Fernandes after Tonali bid rejected,YES
66,57,The Guardian,rss,2026-06-05,rumour_link,https://www.theguardian.com/football/2026/jun/05/real-madrid-to-launch-150m-bid-for-michael-olise-if-florentino-perez-re-elected,Real Madrid to launch €150m bid for Michael Olise if Florentino Pérez re-elected,auto
67,57,BBC Sport,rss,2026-06-20,denied,https://www.bbc.com/sport/football/articles/cly7m1mvr71o?at_medium=RSS&at_campaign=rss,Real Madrid deny contact with Bayern's Olise,auto
69,59,BBC Sport,rss,2026-06-16,interest,https://www.bbc.com/sport/football/articles/cx2jykw8j42o?at_medium=RSS&at_campaign=rss,Spurs join three-way Tonali fight - Wednesday's gossip,YES
70,59,Sky Sports,rss,2026-06-17,interest,https://www.skysports.com/football/news/12040/13555099/sandro-tonali-transfer-news-man-city-consider-move-for-newcastle-midfielder-who-is-also-wanted-by-tottenham,Man City consider move for Spurs target Tonali - alongside Anderson pursuit,YES
71,59,BBC Sport,rss,2026-06-20,denied,https://www.bbc.com/sport/football/articles/cy4en7q3j77o?at_medium=RSS&at_campaign=rss,Newcastle reject Spurs bid of about £80m for Tonali,YES
72,59,Sky Sports,rss,2026-06-20,denied,https://www.skysports.com/football/news/12040/13556200/sandro-tonali-transfer-news-tottenhams-80m-bid-rejected-by-newcastle-for-italy-midfielder,Newcastle reject £80m Spurs bid for Tonali,YES
73,59,Sky Sports,rss,2026-06-20,rumour_link,https://www.skysports.com/football/live-blog/12691/13025496/newcastle-transfer-news-rumours-and-gossip-live-updates-and-latest-on-deals-signings-loans-and-contracts,Newcastle latest: Were Magpies right to turn down Tonali bid?,YES
74,59,Michael Bridge,rss,2026-06-21,interest,https://www.skysports.com/watch/video/13556296/tottenham-hotspurs-80m-bid-for-newcastles-sandro-tonali-has-been-rejected,'They're not gonna go away' | Why rejected £80m bid for Tonali isn't end for Spurs,YES
75,60,BBC Sport,rss,2026-06-17,interest,https://www.bbc.com/sport/football/articles/c7vynz8jgzjo?at_medium=RSS&at_campaign=rss,'Atalanta eye Rangers' Raskin' - gossip,auto
76,61,BBC Sport,rss,2026-06-17,official,https://www.bbc.com/sport/football/articles/cy498g28d9xo?at_medium=RSS&at_campaign=rss,Falkirk receive club-record fee from West Brom for striker Stewart,YES
77,62,BBC Sport,rss,2026-06-17,official,https://www.bbc.com/sport/football/articles/c2lyzp49q0xo?at_medium=RSS&at_campaign=rss,Real Madrid sign Silva on free transfer,YES
78,62,Sky Sports,rss,2026-06-17,official,https://www.skysports.com/football/news/12040/13554908/bernardo-silva-real-madrid-sign-manchester-city-midfielder-on-free-transfer-as-jose-mourinho-impact-continues,Real Madrid sign Bernardo Silva,YES
80,64,Sky Sports,rss,2026-06-17,interest,https://www.skysports.com/football/news/12040/13554938/tottenham-transfer-news-spurs-luka-vuskovic-dilemma-as-two-brighton-bids-rejected-after-jan-paul-van-hecke-deal-agreed,Tottenham's Vuskovic dilemma after Van Hecke deal agreed,auto
81,64,BBC Sport,rss,2026-06-18,interest,https://www.bbc.com/sport/football/articles/c75y3zy6pk1o?at_medium=RSS&at_campaign=rss,Hooked after an hour - did Vuskovic boost his Spurs chances?,auto
82,64,Sky Sports,rss,2026-06-19,talks,https://www.skysports.com/football/news/12040/13555941/luka-vuskovic-brighton-make-improved-45m-bid-for-tottenham-defender,Brighton make improved offer for Spurs' Vuskovic,auto
83,66,Sky Sports,rss,2026-06-18,interest,https://www.skysports.com/football/live-blog/12040/13025501/liverpool-transfer-news-rumours-and-gossip-live-updates-and-latest-on-deals-signings-loans-and-contracts,Liverpool latest: Reds hijack Newcastle move for Spain winger Munoz,auto
84,66,BBC Sport,rss,2026-06-18,advanced,https://www.bbc.com/sport/football/articles/cdjkl44yrg3o?at_medium=RSS&at_campaign=rss,Liverpool trigger winger Munoz's £34.6m release clause,YES
85,66,Sky Sports,rss,2026-06-18,advanced,https://www.skysports.com/football/news/12040/13555211/victor-munoz-transfer-news-liverpool-hijack-newcastles-move-for-osasuna-winger-after-triggering-release-clause,Liverpool hijack Newcastle's move for Munoz after triggering release clause,YES
86,66,The Guardian,rss,2026-06-18,here_we_go,https://www.theguardian.com/football/2026/jun/18/victor-munoz-liverpool-newcastle-andoni-iraola-transfer-news,Liverpool beat Newcastle to £34.5m Víctor Muñoz in first signing of Iraola era,YES
87,66,Sky Sports,rss,2026-06-18,official,https://www.skysports.com/football/news/12040/13555469/victor-munoz-transfer-news-liverpool-sign-osasuna-winger-for-34-5m,Liverpool beat Newcastle to signing of Spain international Munoz,YES
89,68,BBC Sport,rss,2026-06-19,interest,https://www.bbc.com/sport/football/articles/c3ey5155309o?at_medium=RSS&at_campaign=rss,Arsenal's first bid for Monga rejected - Friday's gossip,YES
91,60,BBC Sport,rss,2026-06-25,talks,https://www.bbc.co.uk/sport/football/articles/c8r20l02e56o?at_medium=RSS&at_campaign=rss,Bologna open talks for Rangers' Raskin - gossip,auto
92,70,Sky Sports,rss,2026-06-19,interest,https://www.skysports.com/football/live-blog/12040/13353569/leeds-united-transfer-news-rumours-and-gossip-live-updates-and-latest-on-deals-signings-loans-and-contracts,Leeds latest: Club working on deals for Fulham's Wilson and Brandt,YES
93,70,BBC Sport,rss,2026-06-24,agreement,https://www.bbc.co.uk/sport/football/articles/c892dk5dnz8o?at_medium=RSS&at_campaign=rss,Leeds agree contract with Fulham forward Wilson,YES
94,70,Sky Sports,rss,2026-06-24,agreement,https://www.skysports.com/football/news/12691/13557327/leeds-transfer-news-harry-wilson-agreement-reached-as-midfielder-set-to-sign-on-free-transfer-when-fulham-contract-expires,Leeds reach agreement to sign Wilson on a free,YES
96,72,BBC Sport,rss,2026-06-20,interest,https://www.bbc.com/sport/football/articles/cvgl9y9jdlwo?at_medium=RSS&at_campaign=rss,Spurs to enter Wharton chase - Saturday's gossip,auto
97,124,Sky Sports,rss,2026-06-19,interest,https://www.skysports.com/football/live-blog/12040/12476234/transfer-centre-live-football-transfer-news-updates-and-rumours,Transfer Centre LIVE! RB Leipzig name huge Diomande price amid Liverpool interest,YES
98,124,Sky Sports,rss,2026-06-20,denied,https://www.skysports.com/football/live-blog/12691/13025501/liverpool-transfer-news-rumours-and-gossip-live-updates-and-latest-on-deals-signings-loans-and-contracts,Liverpool latest: '£87m bid for Diomande rejected',YES
99,74,BBC Sport,rss,2026-06-20,interest,https://www.bbc.com/sport/football/articles/c9924mxedgno?at_medium=RSS&at_campaign=rss,Chelsea weigh up Wirtz move - Sunday's gossip,auto
100,75,BBC Sport,rss,2026-06-21,interest,https://www.bbc.com/sport/football/articles/c5yzq08x07vo?at_medium=RSS&at_campaign=rss,Hearts line up Ghuendouz & Celtic consider Duran - gossip,auto
101,76,Sky Sports,rss,2026-06-22,rumour_link,https://www.skysports.com/football/live-blog/12691/13163353/efl-transfer-news-rumours-and-gossip-for-championship-league-one-and-league-two,EFL latest: Serie A side considering move for Burnley's Broja,auto
102,77,BBC Sport,rss,2026-06-21,interest,https://www.bbc.com/sport/football/articles/cz0jyrpzpj3o?at_medium=RSS&at_campaign=rss,Spurs' Bergvall exploring options away from club,auto
103,77,Sky Sports,rss,2026-06-21,interest,https://www.skysports.com/football/news/12691/13556507/lucas-bergvall-transfer-news-tottenham-midfielder-asks-to-leave-premier-league-club-in-search-for-first-team-football,Bergvall asks to leave Tottenham,auto
104,78,Dharmesh Sheth,rss,2026-06-18,interest,https://www.skysports.com/football/news/12691/13555268/arsenal-transfer-news-club-stepping-up-interest-in-morgan-rogers-with-several-players-facing-uncertain-futures-at-emirates,"Rogers, midfield target and exits expected - Arsenal's summer transfer plans",YES
105,78,The Guardian,rss,2026-06-22,interest,https://www.theguardian.com/football/2026/jun/22/arsenal-make-morgan-rogers-top-target-in-transfer-window,Arsenal make Villa’s Morgan Rogers their No 1 target in transfer window,YES
106,78,BBC Sport,rss,2026-06-23,interest,https://www.bbc.co.uk/sport/football/articles/ckg84mz08d8o?at_medium=RSS&at_campaign=rss,Rogers keen on Arsenal move - Tuesday's gossip,YES
107,57,Sky Sports,rss,2026-06-20,denied,https://www.skysports.com/football/live-blog/12691/12507208/football-latest-news-gossip,Real Madrid deny interest in Bayern Munich winger Olise,auto
110,82,Sky Sports,rss,2026-06-22,advanced,https://www.skysports.com/football/live-blog/12691/13279295/brighton-transfers-latest-news-rumours-and-gossip-live-updates-goals-and-highlights,Brighton latest: Seagulls closing in on Svoboda signing,YES
112,84,BBC Sport,rss,2026-06-23,advanced,https://www.bbc.co.uk/sport/football/articles/c3ey7vp051yo?at_medium=RSS&at_campaign=rss,Chelsea close in on Palestra as Alonso's first signing,YES
113,87,Sky Sports,rss,2026-06-24,rumour_link,https://www.skysports.com/football/news/12691/13557278/paper-talk-x,Papers: Chelsea could sell Gusto to pave way for Palestra deal,auto
114,86,BBC Sport,rss,2026-06-24,advanced,https://www.bbc.co.uk/sport/football/articles/c4gyv2z42glo?at_medium=RSS&at_campaign=rss,Rangers close to re-signing McCrorie - gossip,YES
115,87,BBC Sport,rss,2026-06-24,interest,https://www.bbc.co.uk/sport/football/articles/czj8v1pz204o?at_medium=RSS&at_campaign=rss,Defender Gusto considering Chelsea future,auto
116,88,BBC Sport,rss,2026-06-24,agreement,https://www.bbc.co.uk/sport/football/articles/c9w2de7gnj9o?at_medium=RSS&at_campaign=rss,Spurs sign Dubravka on free transfer amid doubts over Vicario future,YES
118,90,BBC Sport,rss,2026-06-25,advanced,https://www.bbc.co.uk/sport/football/articles/cy73eekmejzo?at_medium=RSS&at_campaign=rss,Man Utd's Onana set for Trabzonspor loan,YES
119,91,BBC Sport,rss,2026-06-26,talks,https://www.bbc.co.uk/sport/football/articles/c77yd4yxzlno?at_medium=RSS&at_campaign=rss,Brentford in talks to sign Burnley's Anthony,auto
120,92,Sky Sports,rss,2026-06-27,interest,https://www.skysports.com/football/news/12691/13558363/granit-xhaka-transfer-news-chelsea-interested-in-signing-sunderland-midfielder-to-reunite-him-with-xabi-alonso,Chelsea interested in signing Xhaka,auto
121,92,Sky Sports News,rss,2026-07-03,denied,https://www.skysports.com/football/news/12691/13560190/sunderland-transfer-news-granit-xhaka-staying-at-stadium-of-light-after-chelsea-bid-for-black-cats-captain-rejected,Xhaka staying at Sunderland despite Chelsea bid,auto
122,93,Sky Sports,rss,2026-06-29,interest,https://www.skysports.com/football/live-blog/12691/13279317/ipswich-transfers-latest-news-rumours-and-gossip-live-updates-goals-and-highlights,Ipswich latest: 'Club keen on Lille defender Alexsandro',auto
123,94,BBC Sport,rss,2026-06-29,advanced,https://www.bbc.co.uk/sport/football/articles/c892qdnqgvlo?at_medium=RSS&at_campaign=rss,Lewandowski close to Chicago Fire switch,YES
124,95,BBC Sport,rss,2026-06-29,denied,https://www.bbc.co.uk/sport/football/articles/ce8mgmr732do?at_medium=RSS&at_campaign=rss,Bournemouth reject Arsenal interest in Scott,auto
125,95,BBC Sport,rss,2026-07-04,rumour_link,https://www.bbc.co.uk/sport/football/articles/c0ey2rrvld4o?at_medium=RSS&at_campaign=rss,Premier League quartet want Scott - Sunday's gossip,auto
126,96,BBC Sport,rss,2026-07-01,official,https://www.bbc.co.uk/sport/football/articles/c2lyrw20n80o?at_medium=RSS&at_campaign=rss,Neil embraces expectation after joining Rangers,YES
127,97,Sky Sports,rss,2026-07-04,official,https://www.skysports.com/football/live-blog/12691/13176154/scottish-premiership-news-transfers-rumours-gossip-and-more,Scottish Prem latest: Celtic confirm Oxlade-Chamberlain deal,auto
128,98,The Guardian,rss,2026-07-05,interest,https://www.theguardian.com/football/2026/jul/05/andrey-santos-manchester-united-chelsea-transfer,Manchester United target Andrey Santos but Chelsea value midfielder at £50m,YES
129,99,BBC Sport,rss,2026-06-24,rumour_link,https://www.bbc.co.uk/sport/football/articles/c9v273npglmo?at_medium=RSS&at_campaign=rss,Scotland keeper Gunn on Man Utd radar - Thursday's gossip,YES
130,100,Sky Sports,rss,2026-07-03,interest,https://www.skysports.com/football/news/12691/13559979/man-utd-transfer-news-aurelien-tchouameni-and-alex-scott-high-on-midfield-shortlist-with-ayyoub-bouaddi-also-of-interest,Tchouameni and Scott high on Man Utd midfield shortlist,auto
131,101,The Guardian,rss,2026-07-03,interest,https://www.theguardian.com/football/2026/jul/03/fulham-move-for-west-ham-crysencio-summerville,Fulham make move for Crysencio Summerville while Granit Xhaka stays at Sunderland,YES
132,102,BBC Sport,rss,2026-07-05,official,https://www.bbc.co.uk/sport/football/articles/c20yyg6n3zwo?at_medium=RSS&at_campaign=rss,Real Madrid sign defender Dumfries from Inter Milan,YES
133,103,Sky Sports,rss,2026-06-25,interest,https://www.skysports.com/football/live-blog/12691/13025499/man-city-transfer-news-rumours-and-gossip-live-updates-and-latest-on-deals-signings-loans-and-contracts,Man City latest: Monza keen on Echeverri,auto
134,104,BBC Sport,rss,2026-07-05,talks,https://www.bbc.co.uk/sport/football/articles/c1ly222d9djo?at_medium=RSS&at_campaign=rss,'Sassuolo and Bologna in Bowie transfer talks' - gossip,YES
136,106,BBC Sport,rss,2026-07-04,agreement,https://www.bbc.co.uk/sport/football/articles/c20y27eqj13o?at_medium=RSS&at_campaign=rss,Fenerbahce complete deal to sign Ake from Man City,YES
137,107,BBC Sport,rss,2026-06-25,here_we_go,https://www.bbc.co.uk/sport/football/articles/c8x2189557wo?at_medium=RSS&at_campaign=rss,Hincapie completes permanent Arsenal move,YES
138,108,BBC Sport,rss,2026-07-04,advanced,https://www.bbc.co.uk/sport/football/articles/cly7pvqde72o?at_medium=RSS&at_campaign=rss,Everton agree £24m deal for Chelsea winger George,YES
140,110,BBC Sport,rss,2026-06-26,interest,https://www.bbc.co.uk/sport/football/articles/c1wyl3rp1x0o?at_medium=RSS&at_campaign=rss,Arsenal keen on Guimaraes move - Friday's gossip,auto
141,46,Sky Sports,rss,2026-06-25,agreement,https://www.skysports.com/football/news/12691/13550595/elliot-anderson-transfer-news-man-city-agree-deal-to-sign-nottingham-forest-midfielder,Man City agree £116m deal to sign Anderson,YES
142,46,The Guardian,rss,2026-06-25,agreement,https://www.theguardian.com/football/2026/jun/25/manchester-city-agree-british-record-130m-fee-with-nottingham-forest-for-elliot-anderson,Manchester City agree £116m fee with Nottingham Forest for Elliot Anderson,YES
143,98,BBC Sport,rss,2026-07-05,interest,https://www.bbc.co.uk/sport/football/articles/cp9llnxk45jo?at_medium=RSS&at_campaign=rss,Chelsea's Santos considered as Man Utd look to solve midfield issues,YES
144,110,Sky Sports,rss,2026-06-26,interest,https://www.skysports.com/football/live-blog/12691/13025486/arsenal-transfer-news-rumours-and-gossip-live-updates-and-latest-on-deals-signings-loans-and-contracts,Arsenal latest: Gunners explore Guimaraes move,auto
145,110,BBC Sport,rss,2026-06-26,talks,https://www.bbc.co.uk/sport/football/articles/cly71eqgej8o?at_medium=RSS&at_campaign=rss,Arsenal explore moves for Newcastle's Guimaraes & Tonali,auto
147,112,Sky Sport News,rss,2026-06-26,interest,https://www.skysports.com/football/news/12691/13558047/newcastle-interested-in-germany-midfielder-felix-nmecha-as-arsenal-explore-bruno-guimaraes-transfer,Newcastle interested in Nmecha as Arsenal explore Guimaraes deal,auto
148,84,Sky Sports,rss,2026-06-26,medical,https://www.skysports.com/football/live-blog/12691/13025497/chelsea-transfer-news-rumours-and-gossip-live-updates-and-latest-on-deals-signings-loans-and-contracts,Chelsea latest: Palestra to have Blues medical on Friday,auto
149,47,BBC Sport,rss,2026-06-29,advanced,https://www.bbc.co.uk/sport/football/articles/cgmd4ld079po?at_medium=RSS&at_campaign=rss,Middlesbrough's Hackney set for Everton move,YES
150,92,The Guardian,rss,2026-06-27,interest,https://www.theguardian.com/football/2026/jun/27/chelsea-granit-xhaka-xabi-alonso-sunderland-trevoh-chalobah-como,Chelsea interested in Granit Xhaka to reunite midfielder with Xabi Alonso,auto
151,92,BBC Sport,rss,2026-06-27,talks,https://www.bbc.co.uk/sport/football/articles/c9d299g6wq6o?at_medium=RSS&at_campaign=rss,Chelsea in talks to sign Sunderland's Xhaka,auto
152,112,BBC Sport,rss,2026-06-29,rumour_link,https://www.bbc.co.uk/sport/football/articles/cdjknmk894eo?at_medium=RSS&at_campaign=rss,Kane will sign new Bayern deal - Tuesday's gossip,auto
153,114,BBC Sport,rss,2026-06-29,official,https://www.bbc.co.uk/sport/football/articles/c9v2xjnwn2vo?at_medium=RSS&at_campaign=rss,Ex-Everton defender Godfrey joins Rangers on loan from Atalanta,YES
154,114,Sky Sports,rss,2026-06-29,official,https://www.skysports.com/football/news/12691/13558797/ben-godfrey-rangers-sign-ex-everton-defender-on-season-long-loan-from-atalanta,Rangers sign ex-Everton defender Godfrey on loan from Atalanta,YES
155,115,Sky Sports,rss,2026-06-29,interest,https://www.skysports.com/football/news/12691/13558837/liverpool-transfer-news-bradley-barcola-among-alternative-targets-with-psg-in-talks-to-sign-yan-diomande,Liverpool consider Barcola as PSG advance with move for Diomande,auto
157,117,Sky Sports,rss,2026-06-29,interest,https://www.skysports.com/football/news/12691/13558939/harry-kane-transfer-news-barcelona-interested-in-signing-bayern-munich-forward-and-england-captain,Barcelona interested in England captain Kane,auto
158,118,BBC Sport,rss,2026-06-30,advanced,https://www.bbc.co.uk/sport/football/articles/cdjknm14r4lo?at_medium=RSS&at_campaign=rss,'Pandur poised for Rangers as Butland heads for Hull' - gossip,YES
160,120,BBC Sport,rss,2026-06-26,advanced,https://www.bbc.co.uk/sport/football/articles/c6210jyj0n6o?at_medium=RSS&at_campaign=rss,Chelsea close in on Lacroix - Saturday's gossip,YES
161,121,Sky Sports,rss,2026-06-28,agreement,https://www.skysports.com/football/live-blog/12691/13353569/leeds-united-transfer-news-rumours-and-gossip-live-updates-and-latest-on-deals-signings-loans-and-contracts,Leeds latest: Brighton agree deal to sign Struijk,YES
162,122,BBC Sport,rss,2026-06-29,advanced,https://www.bbc.co.uk/sport/football/articles/cn4d2xp017vo?at_medium=RSS&at_campaign=rss,'Ferguson to assess Bologna future' - gossip,auto
163,123,BBC Sport,rss,2026-06-27,talks,https://www.bbc.co.uk/sport/football/articles/cp364e4n1y5o?at_medium=RSS&at_campaign=rss,Como bid for Chelsea's Chalobah - Sunday's gossip,auto
164,124,BBC Sport,rss,2026-06-28,rumour_link,https://www.bbc.co.uk/sport/football/articles/cqx1yjnxng2o?at_medium=RSS&at_campaign=rss,Diomande picks PSG over Liverpool - Monday's gossip,YES
165,124,BBC Sport,rss,2026-06-29,talks,https://www.bbc.co.uk/sport/football/articles/cy5v91kerr9o?at_medium=RSS&at_campaign=rss,Liverpool target Diomande would prefer to join PSG,YES
166,47,BBC Sport,rss,2026-07-02,agreement,https://www.bbc.co.uk/sport/football/articles/cvglewzezl7o?at_medium=RSS&at_campaign=rss,Everton sign midfielder Hackney from Middlesbrough,YES
167,47,Sky Sports,rss,2026-07-02,official,https://www.skysports.com/football/news/12691/13559023/hayden-hackney-transfer-news-everton-sign-midfielder-from-middlesbrough-in-24m-deal,Hackney joins Everton in £24m deal,YES
168,56,Sky Sports,rss,2026-06-30,medical,https://www.skysports.com/football/news/12691/13559281/mateus-fernandes-transfer-news-tottenham-agree-85m-deal-ahead-of-manchester-united-for-west-ham-midfielder,Fernandes set for medical after Spurs beat Man Utd to £85m deal,YES
169,56,The Guardian,rss,2026-06-30,medical,https://www.theguardian.com/football/2026/jun/30/tottenham-west-ham-mateus-fernandes-club-record-85m-manchester-united-transfers,Tottenham win race to sign West Ham’s Mateus Fernandes for club record £85m,YES
170,56,BBC Sport,rss,2026-07-01,denied,https://www.bbc.co.uk/sport/football/articles/cx2d4drnr70o?at_medium=RSS&at_campaign=rss,"No signings, no sales - what is happening at Manchester United?",YES
171,56,Sky Sports,rss,2026-07-01,official,https://www.skysports.com/football/news/12691/13559479/mateus-fernandes-transfer-news-midfielder-set-for-medical-after-spurs-beat-man-utd-to-85m-deal,Spurs complete club-record £85m Fernandes signing,YES
172,56,BBC Sport,rss,2026-07-02,here_we_go,https://www.bbc.co.uk/sport/football/articles/c862ejqg3leo?at_medium=RSS&at_campaign=rss,Spurs sign Fernandes for club record £85m,YES
173,59,BBC Sport,rss,2026-07-01,agreement,https://www.bbc.co.uk/sport/football/articles/cx2xjlevpjpo?at_medium=RSS&at_campaign=rss,Spurs agree deal worth up to £100m for Newcastle's Tonali,YES
174,59,The Guardian,rss,2026-07-01,agreement,https://www.theguardian.com/football/2026/jul/01/tottenham-sandro-tonali-agree-100m-deal-newcastle,Tottenham agree £100m deal to buy Sandro Tonali from Newcastle,YES
175,59,Sky Sports,rss,2026-07-02,medical,https://www.skysports.com/football/news/12691/13559533/sandro-tonali-tottenham-agree-club-record-100m-deal-to-sign-newcastle-midfielder,Tonali set for medical as Spurs agree record £100m deal with Newcastle,YES
176,64,BBC Sport,rss,2026-07-01,agreement,https://www.bbc.co.uk/sport/football/articles/c4gyqve0w5jo?at_medium=RSS&at_campaign=rss,Brighton agree club record £46m Vuskovic deal,auto
177,64,Sky Sports,rss,2026-07-01,agreement,https://www.skysports.com/football/news/12691/13559569/luka-vuskovic-transfer-news-tottenham-defender-set-to-join-brighton-after-improved-bid-accepted,Spurs' Vuskovic set to join Brighton in club record deal,auto
178,84,Sky Sports,rss,2026-06-24,official,https://www.skysports.com/football/news/12691/13557367/chelsea-transfer-news-marco-palestra-signs-from-serie-a-side-atalanta-in-deal-worth-43m,Chelsea sign Palestra from Atalanta,YES
179,84,BBC Sport,rss,2026-07-01,agreement,https://www.bbc.co.uk/sport/football/articles/crkvlv6myreo?at_medium=RSS&at_campaign=rss,Chelsea sign Italy defender Palestra for £47m,YES
180,96,Sky Sports,rss,2026-07-01,official,https://www.skysports.com/football/news/12691/13559448/dan-neil-rangers-sign-ex-sunderland-captain-despite-southampton-talks-as-midfielder-pens-three-year-deal,Rangers beat Saints to Neil signing following Sunderland exit,YES
181,101,Sky Sports News,rss,2026-06-30,interest,https://www.skysports.com/football/news/12691/13559234/man-utd-west-hams-crysencio-summerville-emerging-as-a-top-left-wing-target-for-michael-carricks-side,Summerville a top winger target for Man Utd but Rashford holds key,YES
182,101,BBC Sport,rss,2026-07-02,interest,https://www.bbc.co.uk/sport/football/articles/cx2krd2yzwxo?at_medium=RSS&at_campaign=rss,Spurs target West Ham's Summerville - Thursday's gossip,YES
183,108,The Guardian,rss,2026-06-30,advanced,https://www.theguardian.com/football/2026/jun/30/everton-chelsea-tyrique-george-hayden-hackney-middlesbrough-transfers,Everton close in on deals for Tyrique George and Hayden Hackney,YES
184,118,BBC Sport,rss,2026-06-30,here_we_go,https://www.bbc.co.uk/sport/football/articles/cr5jl46y3dqo?at_medium=RSS&at_campaign=rss,Rangers buy Hull goalkeeper Pandur for £6m - what will he bring?,YES
186,126,Sky Sports,rss,2026-07-01,official,https://www.skysports.com/football/news/12691/13559447/jeremy-jacquet-transfer-news-liverpool-sign-rennes-defender-in-60m-deal-with-20-year-old-moving-to-anfield-this-summer,Jacquet completes £60m move to Liverpool,YES
187,126,The Guardian,rss,2026-07-01,official,https://www.theguardian.com/football/2026/jul/01/liverpool-sign-jeremy-jacquet-rennes,Liverpool complete £60m Jacquet deal as Chelsea tie up £47m Palestra move,YES
188,127,Sky Sports,rss,2026-07-02,interest,https://www.skysports.com/football/news/12691/13559716/eli-junior-kroupi-heads-a-list-of-tottenham-targets-with-spending-spree-set-to-continue-paper-talk,Papers: Spurs target Kroupi with spending spree set to continue,auto
189,128,BBC Scotland,rss,2026-07-01,interest,https://www.bbc.co.uk/sport/football/articles/c3vy70r52wko?at_medium=RSS&at_campaign=rss,Could Rangers make Ferguson marquee signing?,auto
190,129,Ciaran Kelly,rss,2026-07-05,official,https://www.bbc.co.uk/sport/football/articles/cgqjkq3kwdgo?at_medium=RSS&at_campaign=rss,Newcastle sign Toure for £43m - what will he bring to club?,YES
191,129,Sky Sports,rss,2026-07-05,here_we_go,https://www.skysports.com/football/news/12691/13560722/bazoumana-toure-newcastle-sign-ivory-coast-winger-for-42m,Newcastle sign winger Toure for £42m,YES
192,57,BBC Sport,rss,2026-07-05,rumour_link,https://www.bbc.co.uk/sport/football/articles/cgjxx6ngdggo?at_medium=RSS&at_campaign=rss,Real Madrid plot £188m Olise deal - Monday's gossip,auto
193,59,BBC Sport,rss,2026-07-06,official,https://www.bbc.co.uk/sport/football/articles/cx2jel145g5o?at_medium=RSS&at_campaign=rss,Tottenham seal £100m move for Newcastle's Tonali,YES
194,59,Sky Sports,rss,2026-07-06,official,https://www.skysports.com/football/news/12691/13559730/sandro-tonali-tottenham-sign-italy-midfielder-in-club-record-100m-deal-from-newcastle,Spurs smash transfer record again to sign Tonali in £100m deal,YES
195,59,Sky Sports,rss,2026-07-06,agreement,https://www.skysports.com/football/news/12691/13559175/inside-newcastles-transfer-plans-as-sandro-tonali-leaves-for-tottenham-and-magpies-eye-transformational-summer,Tonali out but Bruno to stay? Inside Newcastle's transfer plans,YES
196,129,The Guardian,rss,2026-07-05,official,https://www.theguardian.com/football/2026/jul/05/newcastle-confirm-43m-signing-of-hoffenheim-winger-toure,‘A high ceiling’: Newcastle confirm £43m signing of Hoffenheim winger Touré,auto
197,59,The Guardian,rss,2026-07-06,here_we_go,https://www.theguardian.com/football/2026/jul/06/sandro-tonali-seals-move-to-tottenham-newcastle-transfer-window,Sandro Tonali seals £92.5m move to Tottenham on back of ‘magic’ sales pitch,YES
199,141,BBC Sport,rss,2026-07-06,agreement,https://www.bbc.co.uk/sport/football/articles/ckg00p0vwgro?at_medium=RSS&at_campaign=rss,Brentford set to sign Wilson after West Ham exit,auto
200,142,BBC Sport,rss,2026-07-07,advanced,https://www.bbc.co.uk/sport/football/articles/crkv506gxyro?at_medium=RSS&at_campaign=rss,Newcastle closing in on signing of Ajax's Steur,YES
201,142,The Guardian,rss,2026-07-07,advanced,https://www.theguardian.com/football/2026/jul/07/newcastle-sean-steur-transfers-round-up-football,Newcastle close in on signing Ajax generational talent Steur for £23m,YES
202,143,BBC Sport,rss,2026-07-07,medical,https://www.bbc.co.uk/sport/football/articles/c5yzzxv8yw0o?at_medium=RSS&at_campaign=rss,Qarabag's Duran poised for Celtic medical,YES
203,144,BBC Sport,rss,2026-07-07,agreement,https://www.bbc.co.uk/sport/football/articles/cvge7wen5g9o?at_medium=RSS&at_campaign=rss,Arsenal set to sign Meslier on free transfer after Leeds exit,YES
204,144,Sky Sports,rss,2026-07-07,agreement,https://www.skysports.com/football/news/12691/13561360/illan-meslier-to-arsenal-gunners-set-to-sign-former-leeds-goalkeeper-on-free-transfer,Arsenal set to sign former Leeds goalkeeper Meslier,YES
205,145,BBC Sport,rss,2026-07-07,agreement,https://www.bbc.co.uk/sport/football/articles/c15y1q01g92o?at_medium=RSS&at_campaign=rss,Partick's Clarke moves to Doncaster immediately after Celtic switch,YES
207,143,Sky Sports,rss,2026-07-08,advanced,https://www.skysports.com/football/news/12691/13561591/celtic-transfer-news-martin-oneill-confident-camilo-duran-deal-will-only-be-start-of-summer-signings,O'Neill confident Duran deal will only be start of Celtic summer signings,YES
209,148,BBC Sport,rss,2026-07-08,interest,https://www.bbc.co.uk/sport/football/articles/cwyllrxveklo?at_medium=RSS&at_campaign=rss,Why Newcastle target Manzambi is in demand,YES
210,70,Sky Sports,rss,2026-07-08,here_we_go,https://www.skysports.com/football/news/12691/13561731/harry-wilson-to-leeds-united-wales-international-makes-elland-road-switch-after-leaving-fulham,Leeds sign free agent Wilson after Fulham exit,YES
211,98,BBC Sport,rss,2026-07-08,agreement,https://www.bbc.co.uk/sport/football/articles/cr7xkgd8vdko?at_medium=RSS&at_campaign=rss,Man Utd agree deal for Chelsea's Santos,YES
212,98,Sky Sports,rss,2026-07-08,agreement,https://www.skysports.com/football/news/12691/13561742/andrey-santos-manchester-united-agree-50m-deal-for-chelsea-and-brazil-midfielder,Man Utd agree £50m deal for Chelsea midfielder Santos,YES
213,70,BBC Sport,rss,2026-07-08,official,https://www.bbc.co.uk/sport/football/articles/c0rydrz49e0o?at_medium=RSS&at_campaign=rss,Leeds confirm Wilson arrival on free transfer,YES
214,99,BBC Sport,rss,2026-07-08,official,https://www.bbc.co.uk/sport/football/articles/c982080yd7ro?at_medium=RSS&at_campaign=rss,Scotland goalkeeper Gunn signs for San Jose Earthquakes,YES
215,110,Sky Sports News,rss,2026-07-08,interest,https://www.skysports.com/football/news/12691/13561780/bruno-guimaraes-transfer-news-newcastle-captain-tells-club-he-wants-to-join-arsenal-after-world-cup-exit-with-brazil,Newcastle captain Guimaraes tells club he wants to join Arsenal,auto
216,131,BBC Sport,rss,2026-07-08,official,https://www.bbc.co.uk/sport/football/articles/c3vy0v39qkko?at_medium=RSS&at_campaign=rss,Chelsea announce £40m Quenda signing,auto
217,149,BBC Sport,rss,2026-07-08,interest,https://www.bbc.co.uk/sport/football/articles/c24yjpggq13o?at_medium=RSS&at_campaign=rss,Fenerbahce confident of Greenwood deal,auto
218,110,The Guardian,rss,2026-07-08,interest,https://www.theguardian.com/football/2026/jul/08/arsenal-on-alert-after-bruno-guimaraes-tells-newcastle-he-wants-to-leave,Arsenal on alert after Bruno Guimarães tells Newcastle he wants to leave,auto
219,131,BBC Sport,rss,2026-07-09,here_we_go,https://www.bbc.co.uk/sport/football/articles/c629q72yr90o?at_medium=RSS&at_campaign=rss,"Idolises Ronaldo, plays like Saka - meet  £40m Chelsea winger Quenda",auto
220,150,BBC Sport,rss,2026-07-09,interest,https://www.bbc.co.uk/sport/football/articles/ce37q0371n8o?at_medium=RSS&at_campaign=rss,'Celtic go all out for striker Bowie' - gossip,auto
221,142,BBC Sport,rss,2026-07-09,here_we_go,https://www.bbc.co.uk/sport/football/articles/ckg060ewpp8o?at_medium=RSS&at_campaign=rss,Newcastle sign teenager Steur from Ajax for £23m,YES
222,142,Sky Sports,rss,2026-07-09,official,https://www.skysports.com/football/news/12691/13561944/sean-steur-newcastle-sign-midfielder-from-ajax-for-23m-on-five-year-deal-after-sandro-tonali-exit,Newcastle sign Ajax teenager Steur,YES
223,144,Sky Sports,rss,2026-07-07,here_we_go,https://www.skysports.com/football/news/12691/13561962/illan-meslier-to-arsenal-gunners-sign-former-leeds-goalkeeper-on-free-transfer,Arsenal sign former Leeds goalkeeper Meslier,YES
224,148,The Guardian,rss,2026-07-09,agreement,https://www.theguardian.com/football/2026/jul/09/newcastle-agree-johan-manzambi-deal-and-insist-bruno-guimaraes-not-for-sale-transfer-window,Newcastle agree £51.5m Johan Manzambi deal and insist Bruno Guimarães not for sale,YES
225,110,BBC Sport,rss,2026-07-09,rumour_link,https://www.bbc.co.uk/sport/football/articles/c0qyx8y5pdpo?at_medium=RSS&at_campaign=rss,What's going on at Newcastle with Bruno's future in doubt?,auto
226,141,BBC Sport,rss,2026-07-09,official,https://www.bbc.co.uk/sport/football/articles/c1wyxlzqvrqo?at_medium=RSS&at_campaign=rss,Brentford sign Wilson after West Ham exit,auto
227,143,BBC Sport,rss,2026-07-09,agreement,https://www.bbc.co.uk/sport/football/articles/ckg8x3yep3po?at_medium=RSS&at_campaign=rss,'A bit of a rebel' - what will Celtic get from forward Duran?,YES
228,144,BBC Sport,rss,2026-07-09,official,https://www.bbc.co.uk/sport/football/articles/cq51xj4pjwwo?at_medium=RSS&at_campaign=rss,Meslier joins Arsenal on free transfer after Leeds exit,YES
229,151,BBC Sport,rss,2026-07-09,advanced,https://www.bbc.co.uk/sport/football/articles/cj0g61gedz7o?at_medium=RSS&at_campaign=rss,Ex-Leeds keeper Darlow set for Man Utd move,YES
230,152,BBC Sport,rss,2026-07-09,agreement,https://www.bbc.co.uk/sport/football/articles/cdxd5rd7kqwo?at_medium=RSS&at_campaign=rss,Palace sign Spain defender Mingueza on free transfer,auto
231,68,BBC Sport,rss,2026-07-10,agreement,https://www.bbc.co.uk/sport/football/articles/cdr4vvlp7d0o?at_medium=RSS&at_campaign=rss,How good is Monga and what role could he play at Man City?,YES
232,143,BBC Sport,rss,2026-07-10,official,https://www.bbc.co.uk/sport/football/articles/crelrygnp0eo?at_medium=RSS&at_campaign=rss,Duran completes switch to Celtic from Qarabag,YES
233,143,Sky Sports,rss,2026-07-10,official,https://www.skysports.com/football/news/12691/13561241/camilo-duran-celtic-make-first-new-summer-signing-as-striker-joins-from-qarabag-on-five-year-deal,Celtic make first new summer signing as Duran joins from Qarabag,YES
234,224,BBC Sport,rss,2026-07-10,rumour_link,https://www.bbc.co.uk/sport/football/articles/c9v29j8ee3yo?at_medium=RSS&at_campaign=rss,Rangers pursue midfielder Fosso - gossip,auto
235,154,BBC Sport,rss,2026-07-10,interest,https://www.bbc.co.uk/sport/football/articles/cz6vz91n7e5o?at_medium=RSS&at_campaign=rss,Spurs make offer for Kolo Muani - Friday gossip,auto
239,157,BBC Sport,rss,2026-07-10,here_we_go,https://www.bbc.co.uk/sport/football/articles/cdr480l5yd3o?at_medium=RSS&at_campaign=rss,Aberdeen sell Keskinen to Odense after 'very good offer',auto
240,45,BBC Sport,rss,2026-07-10,denied,https://www.bbc.co.uk/sport/football/articles/c9d2z59596eo?at_medium=RSS&at_campaign=rss,Man Utd's Ederson move in doubt,auto
241,68,Sky Sports,rss,2026-07-11,here_we_go,https://www.skysports.com/football/news/12691/13562077/jeremy-monga-transfer-man-city-complete-signing-of-17-year-old-leicester-city-winger,Man City sign teenager Monga from Leicester for £10m,YES
242,68,The Guardian,rss,2026-07-11,agreement,https://www.theguardian.com/football/2026/jul/11/manchester-city-beat-arsenal-to-signing-of-17-year-old-jeremy-monga-from-leicester,Manchester City beat Arsenal to signing of 17-year-old Jeremy Monga from Leicester,YES
243,158,BBC Sport,rss,2026-07-11,official,https://www.bbc.co.uk/sport/football/articles/c4gy145l43qo?at_medium=RSS&at_campaign=rss,Devlin joins Rangers after Hearts exit - what will he bring to club?,YES
244,158,Sky Sports,rss,2026-07-11,official,https://www.skysports.com/football/news/12691/13562497/rangers-transfer-news-cammy-devlin-leaves-hearts-and-links-up-with-former-boss-derek-mcinnes-at-ibrox,Devlin joins Rangers after Hearts exit,YES
245,159,BBC Sport,rss,2026-07-11,agreement,https://www.bbc.co.uk/sport/football/articles/c78yp36pg4do?at_medium=RSS&at_campaign=rss,Wales defender Lockyer signs for Melbourne Victory,YES
246,160,BBC Sport,rss,2026-07-11,rumour_link,https://www.bbc.co.uk/sport/football/articles/cr47ykwr7zgo?at_medium=RSS&at_campaign=rss,Garnacho absent from Chelsea pre-season training,YES
247,160,Sky Sports,rss,2026-07-11,rumour_link,https://www.skysports.com/football/news/12691/13562540/chelsea-transfers-alejandro-garnacho-up-for-sale-a-year-after-joining-from-joining-from-manchester-united,Chelsea want permanent Garnacho sale this summer,YES
248,161,BBC Sport,rss,2026-07-11,agreement,https://www.bbc.co.uk/sport/football/articles/cvgd7z5xjvno?at_medium=RSS&at_campaign=rss,Bournemouth's Jimenez set for Fiorentina loan amid investigation,auto
249,162,BBC Sport,rss,2026-07-11,official,https://www.bbc.co.uk/sport/football/articles/cpv3gxer241o?at_medium=RSS&at_campaign=rss,Coventry City sign winger Tchaouna from Burnley,YES
251,164,BBC Sport,rss,2026-07-11,here_we_go,https://www.bbc.co.uk/sport/football/articles/cwy09r3909xo?at_medium=RSS&at_campaign=rss,Comoros winger Said joins Wolves on three-year deal,YES
252,148,Sky Sports,rss,2026-07-13,rumour_link,https://www.skysports.com/football/news/12691/13562928/johan-manzambi-newcastle-set-to-lose-switzerland-world-cup-hero-to-aston-villa-becoming-10th-player-to-turn-magpies-down-in-two-years,Manzambi picks Villa - becomes 10th player Newcastle have missed out on,YES
253,148,The Guardian,rss,2026-07-13,advanced,https://www.theguardian.com/football/2026/jul/13/aston-villa-hijack-newcastle-pursuit-of-johan-manzambi-from-freiburg-transfer-window,Aston Villa hijack Newcastle’s pursuit of £49m Johan Manzambi from Freiburg,YES
254,165,BBC Sport,rss,2026-07-13,advanced,https://www.bbc.co.uk/sport/football/articles/cn07dpgkj4eo?at_medium=RSS&at_campaign=rss,Man Utd close to completing Tielemans deal,YES
255,165,Sky Sports,rss,2026-07-13,advanced,https://www.skysports.com/football/news/12691/13562972/youri-tielemans-manchester-united-in-talks-to-sign-aston-villa-and-belgium-midfielder,Man Utd closing in on Villa's Tielemans for £36m,YES
256,148,BBC Sport,rss,2026-07-13,talks,https://www.bbc.co.uk/sport/football/articles/c39ym7e788wo?at_medium=RSS&at_campaign=rss,Villa working on deal for Switzerland's Manzambi,YES
257,148,Sky Sports,rss,2026-07-13,agreement,https://www.skysports.com/football/news/12691/13562928/johan-manzambi-newcastle-set-to-lose-switzerland-world-cup-hero-to-aston-villa,Manzambi set for Villa despite Newcastle agreeing £49m deal,YES
258,166,BBC Sport,rss,2026-07-13,here_we_go,https://www.bbc.co.uk/sport/articles/cx23x14n2z5o?at_medium=RSS&at_campaign=rss,Aberdeen buy winger Smith from Livingston,YES
259,167,BBC Sport,rss,2026-07-13,interest,https://www.bbc.co.uk/sport/football/articles/cm2jlg3el4no?at_medium=RSS&at_campaign=rss,Villa assess Estupinan move - Tuesday's gossip,auto
260,168,BBC Sport,rss,2026-07-14,denied,https://www.bbc.co.uk/sport/football/articles/cd0m1pjdk4vo?at_medium=RSS&at_campaign=rss,Chermiti claims no plans to leave Rangers - gossip,auto
261,64,BBC Sport,rss,2026-07-14,here_we_go,https://www.bbc.co.uk/sport/football/articles/cy7370x2yp7o?at_medium=RSS&at_campaign=rss,Brighton sign Vuskovic from Spurs for club record £46m,auto
262,64,Sky Sports,rss,2026-07-14,official,https://www.skysports.com/football/news/12691/13563294/luka-vuskovic-brighton-complete-50m-deal-to-sign-tottenham-defender,Brighton complete club-record deal for Spurs' Vuskovic,auto
263,64,The Guardian,rss,2026-07-14,official,https://www.theguardian.com/football/2026/jul/14/brighton-seal-signing-of-luka-vuskovic-from-tottenham-for-club-record-46m,Brighton seal signing of Luka Vuskovic from Tottenham for club record £46m,auto
264,151,BBC Sport,rss,2026-07-14,here_we_go,https://www.bbc.co.uk/sport/football/articles/ckg4gqj5kk5o?at_medium=RSS&at_campaign=rss,Darlow joins Man Utd after Leeds exit,YES
265,169,Sky Sports,rss,2026-07-14,interest,https://www.skysports.com/football/news/12691/13563315/ayyoub-bouaddi-manchester-city-interested-in-morocco-and-lille-wonderkid-after-impressive-world-cup,Man City interested in Morocco wonderkid Bouaddi,auto
266,169,The Guardian,rss,2026-07-14,interest,https://www.theguardian.com/football/2026/jul/14/manchester-city-set-sights-on-signing-morocco-ayyoub-bouaddi-85m-transfer-window,Manchester City set sights on signing Morocco’s Ayyoub Bouaddi for £85m,auto
269,172,BBC Sport,rss,2026-07-14,official,https://www.bbc.co.uk/sport/football/articles/c93239v347qo?at_medium=RSS&at_campaign=rss,Bournemouth sign £25.7m striker Rodriguez,YES
270,173,BBC Sport,rss,2026-07-14,agreement,https://www.bbc.co.uk/sport/football/articles/cddldzme6g1o?at_medium=RSS&at_campaign=rss,Arsenal agree fee for Trossard move to Besiktas,YES
271,173,Sky Sports,rss,2026-07-14,official,https://www.skysports.com/football/news/12691/13563271/leandro-trossard-arsenal-confirm-winger-joining-besiktas-in-17m-deal,Arsenal confirm Trossard is moving to Besiktas,YES
272,173,The Guardian,rss,2026-07-14,agreement,https://www.theguardian.com/football/2026/jul/14/leandro-trossard-set-for-besiktas-move-after-arsenal-agree-deal-with-turkish-side,Leandro Trossard set for Besiktas move after Arsenal agree deal with Turkish side,YES
274,175,BBC Sport,rss,2026-07-14,here_we_go,https://www.bbc.co.uk/sport/football/articles/c8727e5d4ejo?at_medium=RSS&at_campaign=rss,Everton sign France forward Mouchon from Leicester,auto
275,51,BBC Sport,rss,2026-07-14,rumour_link,https://www.bbc.co.uk/sport/football/articles/c0mym8xvedlo?at_medium=RSS&at_campaign=rss,Gyokeres part of Alvarez offer - Wednesday's gossip,auto
276,149,BBC Sport,rss,2026-07-14,here_we_go,https://www.bbc.co.uk/sport/football/articles/cwy0yg15y90o?at_medium=RSS&at_campaign=rss,Fenerbahce sign Greenwood from Marseille,auto
277,165,BBC Sport,rss,2026-07-14,official,https://www.bbc.co.uk/sport/football/articles/c9929gzdl2go?at_medium=RSS&at_campaign=rss,Man Utd sign Tielemans for £35m from Aston Villa,YES
278,165,Sky Sports,rss,2026-07-14,here_we_go,https://www.skysports.com/football/news/12691/13563132/youri-tielemans-transfer-news-manchester-united-xxxx,Man Utd complete £35m Tielemans deal,YES
279,165,The Guardian,rss,2026-07-14,official,https://www.theguardian.com/football/2026/jul/14/youri-tielemans-signs-manchester-united-aston-villa,Youri Tielemans targets ‘biggest trophies’ after joining Manchester United,YES
281,176,BBC Sport,rss,2026-07-15,talks,https://www.bbc.co.uk/sport/football/articles/ce8m80069v9o?at_medium=RSS&at_campaign=rss,Rangers in talks with Leicester over Mavididi - gossip,auto
282,177,BBC Sport,rss,2026-07-14,agreement,https://www.bbc.co.uk/sport/football/articles/cpd3d6vx803o?at_medium=RSS&at_campaign=rss,Leeds agree £34.1m fee for defender Muharemovic,YES
283,178,BBC Sport,rss,2026-07-15,talks,https://www.bbc.co.uk/sport/football/articles/crr8r4zvj5jo?at_medium=RSS&at_campaign=rss,Bournemouth in talks for Benfica defender Silva,YES
284,179,BBC Sport,rss,2026-07-15,advanced,https://www.bbc.co.uk/sport/football/articles/czx5xyd2k1no?at_medium=RSS&at_campaign=rss,Coventry close on £17m Switzerland defender Amenda,YES
286,181,BBC Sport,rss,2026-07-15,agreement,https://www.bbc.co.uk/sport/football/articles/cgjxjqpgq4xo?at_medium=RSS&at_campaign=rss,Sunderland sign Belgium World Cup defender Meunier,YES
287,181,The Guardian,rss,2026-07-15,official,https://www.theguardian.com/football/2026/jul/15/thomas-meunier-sunderland-transfer-window,Thomas Meunier ‘hugely excited’ about joining Sunderland on a free transfer,YES
288,182,BBC Sport,rss,2026-07-15,official,https://www.bbc.co.uk/sport/football/articles/cgrkrr5gxkvo?at_medium=RSS&at_campaign=rss,Aston Villa sign keeper Ramsey on free transfer,auto
289,101,BBC Sport,rss,2026-07-15,rumour_link,https://www.bbc.co.uk/sport/football/articles/c1mymdm2rp8o?at_medium=RSS&at_campaign=rss,Man Utd target Summerville - Thursday's gossip,YES
290,183,BBC Sport,rss,2026-07-16,medical,https://www.bbc.co.uk/sport/football/articles/cnv9vnv4z4go?at_medium=RSS&at_campaign=rss,Celtic listen to Kenny offers as Rues flies in for Hearts medical - gossip,auto
291,98,Opta Analyst,rss,2026-07-16,agreement,https://www.theguardian.com/football/2026/jul/16/andrey-santos-manchester-united-chelsea-michael-carrick-brazil-midfielder-casemiro,Why did Manchester United pay Chelsea £48m for Andrey Santos?,auto
292,184,BBC Sport,rss,2026-07-16,advanced,https://www.bbc.co.uk/sport/football/articles/cre4dvgp717o?at_medium=RSS&at_campaign=rss,Midfielder Gomes close to £38m Villa move,YES
293,185,BBC Sport,rss,2026-07-16,official,https://www.bbc.co.uk/sport/articles/clyen3j34j4o?at_medium=RSS&at_campaign=rss,Goalkeeper Muller joins Aberdeen on two-year deal,YES
294,186,BBC Sport,rss,2026-07-16,rumour_link,https://www.bbc.co.uk/sport/football/articles/cvgx4kk7xk1o?at_medium=RSS&at_campaign=rss,Parkinson refuses to confirm Moreno Wrexham link,auto
295,161,BBC Sport,rss,2026-07-16,here_we_go,https://www.bbc.co.uk/sport/football/articles/c07rexv3y8go?at_medium=RSS&at_campaign=rss,Bournemouth's Jimenez joins Fiorentina on loan,auto
296,187,BBC Sport,rss,2026-07-16,agreement,https://www.bbc.co.uk/sport/football/articles/c235lr80ekko?at_medium=RSS&at_campaign=rss,Arsenal on verge of signing Club Brugge's Tzolis,YES
297,187,Sky Sports News,rss,2026-07-16,agreement,https://www.skysports.com/football/news/12691/13564048/christos-tzolis-arsenal-agree-fee-with-club-brugge-to-sign-greek-winger-as-replacement-for-leandro-trossard,Arsenal agree £34m deal to sign Greek winger Tzolis,YES
298,187,Sky Sports,rss,2026-07-16,here_we_go,https://www.skysports.com/football/news/12691/13564054/christos-tzolis-arsenal-set-to-have-a-new-warrior-mode-winger-who-is-the-perfect-replacement-for-leandro-trossard,Tzolis: Arsenal's new 'warrior mode' winger - and perfect Trossard replacement,YES
302,78,Sky Sports,rss,2026-07-17,interest,https://www.skysports.com/football/news/12691/13564260/morgan-rogers-transfer-news-arsenal-expected-to-make-approach-for-top-target-but-aston-villa-man-could-cost-more-than-100m,Arsenal expected to make approach for No 1 target Rogers,YES
303,148,BBC Sport,rss,2026-07-17,denied,https://www.bbc.co.uk/sport/football/articles/c8626pzz96zo?at_medium=RSS&at_campaign=rss,How have missed targets affected Newcastle's summer rebuild?,YES
304,187,The Guardian,rss,2026-07-16,agreement,https://www.theguardian.com/football/2026/jul/16/arsenal-34m-deal-club-brugge-forward-christos-tzolis-premier-league,Arsenal close in on £34m deal for Club Brugge forward Christos Tzolis,YES
305,191,BBC Sport,rss,2026-07-16,interest,https://www.bbc.co.uk/sport/football/articles/cvgx4rvz57vo?at_medium=RSS&at_campaign=rss,Inter interested in Spence - Friday's gossip,auto
307,193,BBC Sport,rss,2026-07-17,official,https://www.bbc.co.uk/sport/football/articles/cjwx3wjg1v5o?at_medium=RSS&at_campaign=rss,Arsenal sign teenage Danish goalkeeper Damm,auto
309,195,BBC Sport,rss,2026-07-17,agreement,https://www.bbc.co.uk/sport/football/articles/c1mymzpzv2ko?at_medium=RSS&at_campaign=rss,Defender Esteve leaves Burnley to join RB Leipzig,YES
310,148,BBC Sport,rss,2026-07-17,here_we_go,https://www.bbc.co.uk/sport/football/articles/cj365336l52o?at_medium=RSS&at_campaign=rss,Villa complete club record Manzambi signing,YES
311,177,BBC Sport,rss,2026-07-17,here_we_go,https://www.bbc.co.uk/sport/football/articles/c9w0kl9rjpno?at_medium=RSS&at_campaign=rss,Leeds sign £34.1m defender Muharemovic,YES
312,196,BBC Sport,rss,2026-07-17,official,https://www.bbc.co.uk/sport/football/articles/c5y084gy06mo?at_medium=RSS&at_campaign=rss,Hearts sign goalkeeper Reus as Schwolow departs,YES
313,197,BBC Sport,rss,2026-07-17,here_we_go,https://www.bbc.co.uk/sport/football/articles/cz054lpgym7o?at_medium=RSS&at_campaign=rss,Iheanacho rejects new Celtic deal for Turkey's second tier,YES
314,198,Sky Sports,rss,2026-07-17,interest,https://www.skysports.com/football/news/12691/13564545/ezri-konsa-arsenal-preparing-offer-for-aston-villa-defender-as-morgan-rogers-talks-continue-paper-talk,Papers: Arsenal preparing offer for Aston Villa defender Konsa,auto
315,199,BBC Sport,rss,2026-07-18,rumour_link,https://www.bbc.co.uk/sport/football/articles/c5y03ev13r3o?at_medium=RSS&at_campaign=rss,Hassan priority target for Celtic - gossip,auto
316,148,BBC Sport,rss,2026-07-18,official,https://www.bbc.co.uk/sport/football/articles/c5yzyg028gxo?at_medium=RSS&at_campaign=rss,How Villa's record signing Manzambi can spearhead new era,YES
317,78,BBC Sport,rss,2026-07-18,agreement,https://www.bbc.co.uk/sport/football/articles/c0ej1jyy8yyo?at_medium=RSS&at_campaign=rss,Chelsea agree record £117m deal for Villa's Rogers,YES
318,78,Sky Sports,rss,2026-07-18,agreement,https://www.skysports.com/football/news/12691/13564758/morgan-rogers-transfer-news-chelsea-agree-record-117m-deal-for-aston-villa-forward-and-arsenals-no-1-target,Chelsea agree record £117m deal for Villa's Rogers,YES
319,78,The Guardian,rss,2026-07-18,medical,https://www.theguardian.com/football/2026/jul/18/chelsea-morgan-rogers-aston-villa-117m,Chelsea poised to sign Morgan Rogers from Aston Villa in record-breaking £117m deal,YES
320,200,BBC Sport,rss,2026-07-18,here_we_go,https://www.bbc.co.uk/sport/football/articles/cp8em0ndd18o?at_medium=RSS&at_campaign=rss,Motherwell midfielder Watt joins Samsunspor,YES
321,201,BBC Sport,rss,2026-07-18,interest,https://www.bbc.co.uk/sport/football/articles/cn8nypvz22no?at_medium=RSS&at_campaign=rss,Tottenham confident of Savinho signing - Sunday's gossip,auto
322,202,BBC Sport,rss,2026-07-19,advanced,https://www.bbc.co.uk/sport/football/articles/cqlxreqep15o?at_medium=RSS&at_campaign=rss,Swansea close in on deal for Motherwell's Just,YES
323,234,BBC Sport,rss,2026-07-20,interest,https://www.bbc.co.uk/sport/football/articles/ceqexpndrnro?at_medium=RSS&at_campaign=rss,Celtic revive chase for striker Hogh - gossip,YES
324,204,Sky Sports,rss,2026-07-19,interest,https://www.skysports.com/football/news/12691/13565019/arsenal-planning-short-term-move-for-free-agent-john-stones-following-william-salibas-world-cup-injury-paper-talk,Papers: Arsenal planning short-term swoop for Stones,YES
325,204,BBC Sport,rss,2026-07-20,interest,https://www.bbc.co.uk/sport/football/articles/cwy41vd9ewxo?at_medium=RSS&at_campaign=rss,Arsenal line up Stones free transfer - Monday's gossip,YES
326,78,Paul Merson,rss,2026-07-20,here_we_go,https://www.skysports.com/football/news/12691/13565204/morgan-rogers-to-chelsea-paul-merson-says-blues-do-not-need-to-spend-117m-on-aston-villa-forward-as-they-have-cole-palmer,'Rogers move is crazy money for a player Chelsea don't need!',YES
327,184,BBC Sport,rss,2026-07-20,here_we_go,https://www.bbc.co.uk/sport/football/articles/cnvndy7pej9o?at_medium=RSS&at_campaign=rss,Villa sign Wolves midfielder Gomes in £38m deal,YES
328,184,Sky Sports,rss,2026-07-20,here_we_go,https://www.skysports.com/football/news/12691/13564311/joao-gomes-aston-villa-sign-midfielder-from-wolves-in-38m-deal,Aston Villa sign Joao Gomes from Wolves in £38m deal,YES
329,184,The Guardian,rss,2026-07-20,official,https://www.theguardian.com/football/2026/jul/20/joao-gomes-signs-aston-villa-lewis-hall-antonee-robinson-manchester-united-transfer-latest,"João Gomes seals £38m Aston Villa move, Hall and Robinson on Manchester United list",YES
330,120,BBC Sport,rss,2026-07-20,talks,https://www.bbc.co.uk/sport/football/articles/c8xnpxy5v8vo?at_medium=RSS&at_campaign=rss,Chelsea step up interest in Palace's Lacroix,YES
332,205,BBC Sport,rss,2026-07-20,agreement,https://www.bbc.co.uk/sport/football/articles/ckg9r7v2vg3o?at_medium=RSS&at_campaign=rss,Hearts agree deal to sign Forest Green captain Mendy,YES
334,95,BBC Sport,rss,2026-07-21,interest,https://www.bbc.co.uk/sport/football/articles/c0rdn1p2z45o?at_medium=RSS&at_campaign=rss,Bournemouth midfielder Scott rejects new contract,auto
335,95,Sky Sports News,rss,2026-07-21,interest,https://www.skysports.com/football/news/12691/13565480/alex-scott-bournemouth-midfielder-rejects-new-contract-amid-strong-interest-from-arsenal-chelsea-and-manchester-united,"Arsenal, Chelsea and Man Utd target Scott rejects new Bournemouth contract",auto
336,120,Sky Sports,rss,2026-07-20,talks,https://www.skysports.com/football/news/12691/13565423/maxence-lacroix-transfer-news-chelsea,Palace seek £55m-plus for Lacroix as talks with Chelsea begin,YES
338,208,BBC Sport,rss,2026-07-21,talks,https://www.bbc.co.uk/sport/football/articles/clyq2w24veko?at_medium=RSS&at_campaign=rss,Ipswich open talks for Celtic star Maeda - gossip,YES
339,209,BBC Sport,rss,2026-07-20,agreement,https://www.bbc.co.uk/sport/football/articles/c75gwl3n50qo?at_medium=RSS&at_campaign=rss,Ex-Villa striker Duran joins seventh club aged 22,auto
340,210,BBC Sport,rss,2026-07-21,official,https://www.bbc.co.uk/sport/football/articles/cx25wj22003o?at_medium=RSS&at_campaign=rss,Japan goalkeeper Okuma signs for Aston Villa,auto
341,211,BBC Sport,rss,2026-07-21,agreement,https://www.bbc.co.uk/sport/football/articles/cj360rjljkdo?at_medium=RSS&at_campaign=rss,Everton agree deal to sign Leicester’s Rantala,auto
342,101,Sky Sports,rss,2026-07-21,agreement,https://www.skysports.com/football/news/12691/13565724/crysencio-summerville-al-hilal-reach-agreement-with-west-ham-to-sign-netherlands-international,West Ham agree big-money deal with Al Hilal for Summerville,YES
343,160,BBC Sport,rss,2026-07-21,talks,https://www.bbc.co.uk/sport/football/articles/cn9ng770v8po?at_medium=RSS&at_campaign=rss,Villa in talks to sign Chelsea's Garnacho,YES
344,160,Sky Sports,rss,2026-07-21,talks,https://www.skysports.com/football/news/12691/13565713/alejandro-garnacho-transfer-news-aston-villa-begin-talks-to-sign-forward-from-chelsea,Aston Villa in talks to sign Garnacho,YES
345,212,BBC Sport,rss,2026-07-21,here_we_go,https://www.bbc.co.uk/sport/football/articles/cr49r3w9734o?at_medium=RSS&at_campaign=rss,Ipswich complete £20m deal for Ghana winger Fatawu,YES
346,213,BBC Sport,rss,2026-07-21,official,https://www.bbc.co.uk/sport/football/articles/c89nxdpyl2eo?at_medium=RSS&at_campaign=rss,Australia striker McNamara joins Everton,auto
347,214,BBC Sport,rss,2026-07-21,agreement,https://www.bbc.co.uk/sport/football/articles/c8rnjvpm0g4o?at_medium=RSS&at_campaign=rss,Middlesbrough agree fee for Spurs striker Lankshear,auto
348,78,Sky Sports,rss,2026-07-21,here_we_go,https://www.skysports.com/football/news/12691/13564944/morgan-rogers-transfer-news-chelsea-complete-record-breaking-117m-deal-to-sign-forward-from-aston-villa,'Biggest club in London' - Chelsea sign Rogers in record-breaking £117m deal,YES
349,78,The Guardian,rss,2026-07-21,official,https://www.theguardian.com/football/2026/jul/21/morgan-rogers-biggest-club-london-117m-chelsea-deal,Morgan Rogers ‘excited to join biggest club in London’ after making £117m Chelsea move,YES
350,78,BBC Sport,rss,2026-07-22,here_we_go,https://www.bbc.co.uk/sport/football/articles/cpd7nqnq2w6o?at_medium=RSS&at_campaign=rss,Why Chelsea have signed so many Man City academy graduates,YES
351,101,BBC Sport,rss,2026-07-21,agreement,https://www.bbc.co.uk/sport/football/articles/ckg91k07gr9o?at_medium=RSS&at_campaign=rss,Al-Hilal agree £60m deal for West Ham's Summerville,YES
352,204,Sky Sports,rss,2026-07-21,rumour_link,https://www.skysports.com/football/news/12691/13565768/chelsea-transfer-news-john-stones-emerges-as-potential-option-after-summer-exit-from-man-city,Stones emerges as potential Chelsea target,YES
353,215,BBC Sport,rss,2026-07-22,advanced,https://www.bbc.co.uk/sport/football/articles/cr49lgg014ko?at_medium=RSS&at_campaign=rss,Newcastle closing in on Liverpool forward Kiernan,auto
354,216,BBC Sport,rss,2026-07-22,agreement,https://www.bbc.co.uk/sport/football/articles/c07rg0xv929o?at_medium=RSS&at_campaign=rss,'Baur agrees terms for £4m sale to Celtic' - gossip,auto
355,217,BBC Sport,rss,2026-07-21,interest,https://www.bbc.co.uk/sport/football/articles/cp3rz7654w6o?at_medium=RSS&at_campaign=rss,Forest make enquiry for Sporting's Diomande,auto
356,218,Sky Sports,rss,2026-07-21,interest,https://www.skysports.com/football/news/12691/13565784/man-utd-transfer-news-psg-midfielder-warren-zaire-emery-targeted-as-united-consider-bid,Papers: Man Utd considering bid for PSG's Zaire-Emery,auto
357,110,Keith Downie,rss,2026-07-22,rumour_link,https://www.skysports.com/football/news/12691/13565860/newcastle-frustrated-by-arsenals-pursuit-of-bruno-guimaraes-and-will-demand-transfer-fee-of-80m-for-captain,'Frustrated' Newcastle will demand £80m for Arsenal target Guimaraes,auto
358,115,Dharmesh Sheth,rss,2026-07-22,interest,https://www.skysports.com/football/news/12691/13566027/bradley-barcola-arsenal-retain-an-interest-in-paris-saint-germain-forward-after-missing-out-on-morgan-rogers-to-chelsea,Is Barcola next on Arsenal's list after missing out on Rogers?,auto
359,219,BBC Sport,rss,2026-07-22,official,https://www.bbc.co.uk/sport/football/articles/c3304ex7n7xo?at_medium=RSS&at_campaign=rss,Ex-Man Utd midfielder Casemiro joins Inter Miami,YES
360,219,Sky Sports,rss,2026-07-22,official,https://www.skysports.com/football/news/12691/13556097/casemiro-transfer-news-former-man-utd-midfielder-joins-inter-miami-on-free-transfer,Casemiro joins Inter Miami on free transfer,YES
361,220,BBC Sport,rss,2026-07-22,here_we_go,https://www.bbc.co.uk/sport/football/articles/cx2vqxe2e08o?at_medium=RSS&at_campaign=rss,Ipswich sign Diop from Fulham,YES
363,222,Sky Sports,rss,2026-07-22,interest,https://www.skysports.com/football/news/12691/13566000/maghnes-akliouche-transfer-news-liverpool-make-initial-approach-for-monaco-winger-amid-psg-interest,Liverpool make initial approach for Monaco winger Akliouche,auto
364,115,BBC Sport,rss,2026-07-22,interest,https://www.bbc.co.uk/sport/football/articles/c78gx10d9n4o?at_medium=RSS&at_campaign=rss,Liverpool confident of signing Barcola - Thursday's gossip,auto
365,160,BBC Sport,rss,2026-07-22,agreement,https://www.bbc.co.uk/sport/football/articles/cly9nrel0pyo?at_medium=RSS&at_campaign=rss,Villa agree loan deal for Chelsea winger Garnacho,YES
366,160,Sky Sports,rss,2026-07-22,agreement,https://www.skysports.com/football/news/12691/13565869/alejandro-garnacho-transfer-news-aston-villa-agree-deal-with-chelsea-for-winger,Villa agree deal to sign Garnacho...but it's complicated,YES
367,173,Will Magee,rss,2026-07-22,official,https://www.theguardian.com/football/2026/jul/22/trossard-ramos-dumfries-10-transfers-you-may-have-missed-during-the-world-cup,"Trossard, Ramos, Dumfries: 10 transfers you may have missed during the World Cup",YES
368,223,Sky Sports,rss,2026-07-22,interest,https://www.skysports.com/football/news/12691/13566135/man-city-transfer-news-rodri-pushing-for-real-madrid-move-despite-being-set-to-undergo-back-surgery,Papers: Rodri pushing for Real Madrid move,auto
369,224,BBC Sport,rss,2026-07-23,interest,https://www.bbc.co.uk/sport/football/articles/c07rk8g00y8o?at_medium=RSS&at_campaign=rss,'Rangers lead chase for Sturm's Fosso' - gossip,auto
370,187,Sky Sports,rss,2026-07-23,official,https://www.skysports.com/football/news/12691/13564283/arsenal-transfer-news-christos-tzolis-signs-in-34m-deal-from-club-brugge-as-replacement-for-leandro-trossard,Arsenal complete deal to sign winger Tzolis,YES
371,225,BBC Sport,rss,2026-07-23,medical,https://www.bbc.co.uk/sport/football/articles/cr593z81lqno?at_medium=RSS&at_campaign=rss,Newcastle agree £34m deal for Monaco's Bamba,YES
373,227,The Guardian,rss,2026-07-23,interest,https://www.theguardian.com/football/2026/jul/23/manchester-united-consider-eduardo-camavinga-sander-berge-midfield-overhaul,Manchester United consider Camavinga and Berge as midfield overhaul continues,auto
374,228,BBC Sport,rss,2026-07-23,talks,https://www.bbc.co.uk/sport/football/articles/clyl7eve9ddo?at_medium=RSS&at_campaign=rss,Leeds in talks to sign Man City keeper Trafford,YES
375,228,Sky Sports,rss,2026-07-23,talks,https://www.skysports.com/football/news/12691/13566246/leeds-united-transfer-news-james-trafford-talks-begin-with-man-city-over-deal-for-england-goalkeeper,Leeds in talks with Man City over deal for Trafford,YES
376,229,The Guardian,rss,2026-07-23,official,https://www.theguardian.com/football/2026/jul/23/transfer-roundup-barcelona-sign-karim-adeyemi-newcastle-aladji-bamba-monaco,"Transfer roundup: Barcelona sign Adeyemi, Monaco’s Bamba set for Newcastle",YES
377,230,Sky Sports,rss,2026-07-23,interest,https://www.skysports.com/football/news/12691/13566243/man-utd-transfer-news-manu-kone-and-carlos-baleba-strongly-considered-in-search-for-third-midfielder-signing,Kone and Baleba strongly considered by Man Utd for third midfield signing,auto
378,46,BBC Sport,rss,2026-07-23,official,https://www.bbc.co.uk/sport/football/articles/c1j1gk23jj4o?at_medium=RSS&at_campaign=rss,Anderson gets Man City move he craved as £116m deal done,auto
379,160,Sky Sports,rss,2026-07-23,official,https://www.skysports.com/football/news/12691/13566112/alejandro-garnacho-transfer-news-aston-villa-sign-chelsea-winger-on-initial-loan-deal-with-conditional-obligation-to-buy,Villa sign Garnacho on loan from Chelsea,YES
380,160,The Guardian,rss,2026-07-23,official,https://www.theguardian.com/football/2026/jul/23/aston-villa-loan-signing-alejandro-garnacho-chelsea-transfer-latest,Aston Villa seal loan signing of Alejandro Garnacho from Chelsea,YES
381,187,BBC Sport,rss,2026-07-23,here_we_go,https://www.bbc.co.uk/sport/football/articles/cp8xk0x902do?at_medium=RSS&at_campaign=rss,Arsenal sign Greece forward Tzolis for £34m,YES
382,187,The Guardian,rss,2026-07-23,official,https://www.theguardian.com/football/2026/jul/23/arsenal-sign-greece-forward-christos-tzolis-from-club-brugge-for-34m,Arsenal sign Greece forward Christos Tzolis from Club Brugge for £34m,YES
384,232,BBC Sport,rss,2026-07-23,official,https://www.bbc.co.uk/sport/football/articles/c87ng75zlx4o?at_medium=RSS&at_campaign=rss,Rangers sign 'huge potential' in Partizan captain Dragojevic,auto
385,78,Opta Analyst,rss,2026-07-23,official,https://www.theguardian.com/football/2026/jul/23/chelsea-aston-villa-117m-morgan-rogers-england-xabi-alonso,Chelsea paid Aston Villa £117m for Morgan Rogers. Is he the right fit?,YES
386,100,BBC Sport,rss,2026-07-23,rumour_link,https://www.bbc.co.uk/sport/football/articles/cedjnz7wxy6o?at_medium=RSS&at_campaign=rss,Man Utd handed Tchouameni boost - Friday's gossip,auto
387,120,Sky Sports,rss,2026-07-24,agreement,https://www.skysports.com/football/news/12691/13565648/maxence-lacroix-transfer-news-chelsea-agree-deal-to-sign-france-defender-from-crystal-palace,Chelsea agree deal with Palace for Lacroix,YES
388,233,BBC Sport,rss,2026-07-24,agreement,https://www.bbc.co.uk/sport/football/articles/czjle91ry39o?at_medium=RSS&at_campaign=rss,Man Utd bring in Leicester goalkeeper Leitzig,auto
389,234,BBC Sport,rss,2026-07-24,advanced,https://www.bbc.co.uk/sport/football/articles/c62971key06o?at_medium=RSS&at_campaign=rss,'Celtic close on Hogh' as Maeda & Danilo near exits - gossip,YES
390,101,Sky Sports,rss,2026-07-24,here_we_go,https://www.skysports.com/football/news/12691/13565872/crysencio-summerville-transfer-news-al-hilal-complete-60m-signing-of-netherlands-international-from-west-ham,Al Hilal complete Summerville signing from West Ham,YES
391,117,BBC Sport,rss,2026-07-24,interest,https://www.bbc.co.uk/sport/football/articles/cly5d2n2879o?at_medium=RSS&at_campaign=rss,Kane set for talks with Bayern Munich over new deal,auto
392,120,BBC Sport,rss,2026-07-24,agreement,https://www.bbc.co.uk/sport/football/articles/cp9eyz14y7jo?at_medium=RSS&at_campaign=rss,Chelsea agree deal to sign Palace defender Lacroix,YES
393,225,Sky Sports,rss,2026-07-24,official,https://www.skysports.com/football/news/12691/13566552/aladji-bamba-transfer-news-newcastle-complete-35-5m-signing-of-midfielder-from-monaco,'Huge potential for growth' - Newcastle sign Bamba,YES
394,225,The Guardian,rss,2026-07-24,here_we_go,https://www.theguardian.com/football/2026/jul/24/transfers-newcastle-sign-aladji-bamba-monaco,Newcastle sign Aladji Bamba in £34m deal from Monaco to boost midfield options,YES
396,236,BBC Sport,rss,2026-07-24,interest,https://www.bbc.co.uk/sport/football/articles/cq6dy718z2vo?at_medium=RSS&at_campaign=rss,Palace want teenage Brest defender Le Guen,auto
397,101,BBC Sport,rss,2026-07-24,official,https://www.bbc.co.uk/sport/football/articles/cevmx0y88vwo?at_medium=RSS&at_campaign=rss,West Ham winger Summerville joins Al-Hilal,YES
398,124,Sky Germany,rss,2026-07-24,denied,https://www.skysports.com/football/news/12691/13566796/yan-diomande-transfer-news-real-madrid-have-85m-bid-rejected-for-rb-leipzig-winger,Real Madrid have £85m bid rejected for Liverpool target Diomande,YES
399,187,Billy Munday,rss,2026-07-25,official,https://www.theguardian.com/football/2026/jul/25/premier-league-club-by-club-guide-to-transfer-business-so-far-and-what-they-still-need,Premier League: club-by-club guide to transfer business so far – and what they still need,YES
400,223,BBC Sport,rss,2026-07-24,interest,https://www.bbc.co.uk/sport/football/articles/cdx7qq6nkddo?at_medium=RSS&at_campaign=rss,Real Madrid confident of signing Rodri  - Saturday's gossip,auto
401,237,BBC Sport,rss,2026-07-25,rumour_link,https://www.bbc.co.uk/sport/football/articles/cd695gqx376o?at_medium=RSS&at_campaign=rss,Celtic eye Cancellieri as Maeda replacement - gossip,auto
402,234,Sky Sports,rss,2026-07-25,agreement,https://www.skysports.com/football/news/12691/13566221/daizen-maeda-transfer-news-ipswich-town-sign-celtic-forward-in-10m-deal,Celtic agree club-record deal for Hogh as Ipswich sign Maeda,YES
403,238,BBC Sport,rss,2026-07-25,talks,https://www.bbc.co.uk/sport/football/articles/c0m7w21v2rzo?at_medium=RSS&at_campaign=rss,Chelsea in talks for Villa set-piece guru MacPhee,auto
404,239,Sky in Italy,rss,2026-07-25,interest,https://www.skysports.com/football/news/12691/13566826/cristian-romero-transfer-news-inter-milan-interested-in-signing-tottenham-captain-during-summer-window,Inter Milan interested in signing Tottenham captain Romero,auto
405,240,BBC Sport,rss,2026-07-25,rumour_link,https://www.bbc.co.uk/sport/football/articles/cpd7e8jw9qqo?at_medium=RSS&at_campaign=rss,Could Mount be final piece in Man Utd midfield jigsaw?,auto
406,208,BBC Sport,rss,2026-07-25,official,https://www.bbc.co.uk/sport/football/articles/cx2dgkg5rq0o?at_medium=RSS&at_campaign=rss,Ipswich sign Japan forward Maeda from Celtic,YES
407,241,Sky Sports,rss,2026-07-25,interest,https://www.skysports.com/football/news/12691/13566893/vinicius-jr-transfer-news-arsenal-exploring-deal-for-real-madrid-and-brazil-forward,Arsenal exploring deal for Real Madrid's Vinicius Jr,auto
408,124,Sky,rss,2026-07-24,interest,https://www.skysports.com/football/news/12691/13567039/yan-diomande-transfer-news-real-madrid-in-pole-position-for-rb-leipzig-winger-after-85m-bid-rejected,Real Madrid in pole position to sign RB Leipzig's Diomande,YES
409,234,BBC Sport,rss,2026-07-25,medical,https://www.bbc.co.uk/sport/football/articles/cwymjrm0xlwo?at_medium=RSS&at_campaign=rss,Bodo/Glimt's Hogh to have Celtic medical within 24 hours,YES
410,241,The Guardian,rss,2026-07-25,interest,https://www.theguardian.com/football/2026/jul/25/arsenal-inquiry-transfer-vinicius-junior-real-madrid,Arsenal make shock approach to sign Vinícius Júnior from Real Madrid,auto
411,242,BBC Sport,rss,2026-07-25,interest,https://www.bbc.co.uk/sport/football/articles/c5yw2wqxvjwo?at_medium=RSS&at_campaign=rss,Arsenal explore Vinicius Jr move - Sunday's gossip,auto
412,92,Régis Le Bris,rss,2026-07-26,denied,https://www.theguardian.com/football/2026/jul/26/regis-le-bris-says-chelseas-pursuit-of-sunderland-captain-xhaka-is-closed,Régis Le Bris says Chelsea’s pursuit of Sunderland captain Xhaka is ‘closed’,auto
413,243,BBC Sport,rss,2026-07-26,interest,https://www.bbc.co.uk/sport/football/articles/c5y3gg1083no?at_medium=RSS&at_campaign=rss,Gittens keen to impress 'world-class' Alonso,auto
414,115,BBC Sport,rss,2026-07-27,rumour_link,https://www.bbc.co.uk/sport/football/articles/cly5189yjgdo?at_medium=RSS&at_campaign=rss,PSG want £145m for Barcola - Monday's gossip,auto
416,124,The Guardian,rss,2026-07-26,advanced,https://www.theguardian.com/football/2026/jul/26/real-madrid-ready-to-seal-deal-for-yan-diomande-after-psg-pull-out-of-move,Real Madrid ready to seal deal for Yan Diomande after PSG pull out of move,YES
417,124,BBC Sport,rss,2026-07-27,agreement,https://www.bbc.co.uk/sport/football/articles/cqx74lpprd7o?at_medium=RSS&at_campaign=rss,Diomande agrees Real Madrid terms as PSG step away,YES
418,216,BBC Sport,rss,2026-07-27,denied,https://www.bbc.co.uk/sport/football/articles/ckg9e9y9emxo?at_medium=RSS&at_campaign=rss,Paderborn turn down Celtic's £4m bid for Baur - gossip,auto
419,241,BBC Sport,rss,2026-07-27,interest,https://www.bbc.co.uk/sport/football/articles/c62vx42zd83o?at_medium=RSS&at_campaign=rss,Real Madrid contract talks and Arsenal interest - what is Vinicius Jr's future?,auto
420,245,BBC Sport,rss,2026-07-27,talks,https://www.bbc.co.uk/sport/football/articles/cx2d79ddvg4o?at_medium=RSS&at_campaign=rss,Chelsea open talks to sign Brighton striker Welbeck,auto
421,246,The Guardian,rss,2026-07-27,interest,https://www.theguardian.com/football/2026/jul/27/manchester-city-rodri-contract-real-madrid-offer-transfer-window,Manchester City hope Rodri will sign new deal as Real Madrid weigh up offer,auto
422,245,Sky Sports,rss,2026-07-27,talks,https://www.skysports.com/football/news/12691/13567452/danny-welbeck-transfer-news-chelsea-hold-positives-talks-with-brighton-over-signing-of-striker,Chelsea hold positive talks with Brighton over Welbeck,auto
423,245,The Guardian,rss,2026-07-27,talks,https://www.theguardian.com/football/2026/jul/27/chelsea-surprise-move-danny-welbeck-brighton,Chelsea explore surprise move to sign Danny Welbeck from Brighton,auto
424,120,BBC Sport,rss,2026-07-28,interest,https://www.bbc.co.uk/sport/football/articles/cn0nw0lyrkdo?at_medium=RSS&at_campaign=rss,Why Chelsea want to sign older players,YES
425,204,BBC Sport,rss,2026-07-27,advanced,https://www.bbc.co.uk/sport/football/articles/cgewgj8qwvjo?at_medium=RSS&at_campaign=rss,Inter in advanced talks with England defender Stones,YES
426,204,Sky in Italy,rss,2026-07-27,agreement,https://www.skysports.com/football/news/12691/13567544/john-stones-transfer-news-england-international-verbally-agrees-deal-to-join-inter-milan-amid-interest-from-arsenal-and-chelsea,"Stones verbally agrees Inter move amid Arsenal, Chelsea interest",YES
427,204,The Guardian,rss,2026-07-27,advanced,https://www.theguardian.com/football/2026/jul/27/john-stones-inter-move-england-world-cup-2026-manchester-city,John Stones set for Inter move after shining for England at World Cup,YES
428,228,Sky Sports,rss,2026-07-28,advanced,https://www.skysports.com/football/news/12691/13567551/leeds-united-transfer-news-james-trafford-deal-moving-nearer-as-club-record-deal-close-to-being-reached-with-manchester-city,Leeds close to club-record deal for Trafford with Perri set to depart,YES
429,247,Sky Sports,rss,2026-07-27,interest,https://www.skysports.com/football/news/12691/13567555/chelsea-transfer-news-blues-interested-in-signing-jordan-henderson-36-after-holding-positive-talks-with-35-year-old-danny-welbeck,Chelsea interested in Henderson after holding positive talks with Welbeck,auto
430,263,BBC Sport,rss,2026-07-28,advanced,https://www.bbc.co.uk/sport/football/articles/cdj09wx10r1o?at_medium=RSS&at_campaign=rss,Rangers near Makhanya deal as Hogh passes Celtic medical - gossip,YES
431,249,BBC Sport,rss,2026-07-27,interest,https://www.bbc.co.uk/sport/football/articles/cjejwe30jpyo?at_medium=RSS&at_campaign=rss,Man City brace for Rodri bid - Tuesday's gossip,auto
432,250,The Guardian,rss,2026-07-28,advanced,https://www.theguardian.com/football/2026/jul/28/sunderland-newcastle-transfer-window-dayann-methalie,Sunderland close in on Dayann Methalie signing after Newcastle back off,auto
433,228,BBC Sport,rss,2026-07-28,rumour_link,https://www.bbc.co.uk/sport/football/articles/clyer1yze4jo?at_medium=RSS&at_campaign=rss,Could Leeds move help Trafford challenge for England keeper spot?,YES
434,234,Sky Sports,rss,2026-07-28,here_we_go,https://www.skysports.com/football/news/12691/13566947/celtic-transfer-news-kasper-hogh-completes-club-record-move-from-bodo-glimt,Celtic complete club-record signing of striker Hogh,YES
435,241,Sky Sports News,rss,2026-07-28,denied,https://www.skysports.com/football/news/12691/13567839/real-madrid-transfer-news-vinicius-junior-to-stay-at-the-santiago-bernabeu-beyond-this-summer-despite-arsenal-interest,Vinicius Jr to stay at Real Madrid - what next for Arsenal?,auto
437,115,BBC Sport,rss,2026-07-28,agreement,https://www.bbc.co.uk/sport/football/articles/czrj8ke23g3o?at_medium=RSS&at_campaign=rss,Barcola agrees Liverpool move - Wednesday's gossip,auto
438,115,Sky Sports,rss,2026-07-29,talks,https://www.skysports.com/football/news/12691/13567997/bradley-barcola-transfer-news-liverpool-set-to-open-talks-with-paris-saint-germain-over-winger-with-an-opening-offer-prepared,Liverpool set to open talks with PSG over Barcola signing,auto
439,110,Sky Sports,rss,2026-07-28,denied,https://www.skysports.com/football/news/12691/13567925/arsenal-transfer-news-bruno-guimaraes-refusing-to-force-through-move-to-the-emirates-as-newcastle-stand-firm-on-asking-price-paper-talk,Papers: Guimaraes not forcing through Arsenal move,auto
440,124,BBC Sport,rss,2026-07-29,advanced,https://www.bbc.co.uk/sport/football/articles/cm2g3dd2jxko?at_medium=RSS&at_campaign=rss,Diomande's rapid and remarkable rise to Real Madrid,YES
441,245,BBC Sport,rss,2026-07-29,medical,https://www.bbc.co.uk/sport/football/articles/c935lvyeykwo?at_medium=RSS&at_campaign=rss,Brighton's Welbeck set for Chelsea medical,auto
442,245,Sky Sports,rss,2026-07-29,medical,https://www.skysports.com/football/news/12691/13567471/danny-welbeck-transfer-news,Welbeck to have Chelsea medical with Blues set to pay first fee for over-26 since 2022,auto
443,252,BBC Sport,rss,2026-07-28,advanced,https://www.bbc.co.uk/sport/football/articles/c3v0565x0v2o?at_medium=RSS&at_campaign=rss,Leicester close in on Swansea's Wales forward Cullen,YES
444,253,BBC Sport,rss,2026-07-29,agreement,https://www.bbc.co.uk/sport/football/articles/cx2lq25dnz7o?at_medium=RSS&at_campaign=rss,Rangers set to make profit on Antman - gossip,auto
445,254,BBC Sport,rss,2026-07-29,official,https://www.bbc.co.uk/sport/football/articles/c4g36ggy415o?at_medium=RSS&at_campaign=rss,Middlesbrough sign USA midfielder Berhalter,YES
446,217,BBC Sport,rss,2026-07-29,advanced,https://www.bbc.co.uk/sport/football/articles/c9q9xln79e1o?at_medium=RSS&at_campaign=rss,Forest close in on Ivory Coast defender Diomande,auto
447,249,Sky Sports,rss,2026-07-29,interest,https://www.skysports.com/football/news/12691/13567710/rodri-to-real-madrid-how-will-man-city-and-enzo-maresca-cope-without-the-premier-leagues-best-central-midfielder-if-he-moves,Real Madrid want Rodri - How would Man City cope without him?,auto
448,255,The Guardian,rss,2026-07-29,rumour_link,https://www.theguardian.com/football/2026/jul/29/football-transfer-rumours-eli-junior-kroupi-barcelona-alvarez-joao-pedro,Football transfer rumours: Eli Junior Kroupi to boost Barcelona attack?,auto
449,256,BBC Sport,rss,2026-07-29,talks,https://www.bbc.co.uk/sport/football/articles/c0qv8e7e0l0o?at_medium=RSS&at_campaign=rss,Palace hold talks with ex-Arsenal defender Tomiyasu,auto
450,115,The Guardian,rss,2026-07-29,talks,https://www.theguardian.com/football/2026/jul/29/liverpool-prepare-opening-offer-for-paris-saint-germains-bradley-barcola,Liverpool prepare opening offer for Paris Saint-Germain’s Bradley Barcola,auto
452,258,BBC Sport,rss,2026-07-29,here_we_go,https://www.bbc.co.uk/sport/football/articles/c5yvx3l03wno?at_medium=RSS&at_campaign=rss,Wolves striker Arokodare joins Ajax on loan,YES
453,259,BBC Sport,rss,2026-07-30,rumour_link,https://www.bbc.co.uk/sport/football/articles/cgmkwnyyxlzo?at_medium=RSS&at_campaign=rss,'Everton eye Celtic's Johnston amid Patterson interest' - gossip,auto
454,260,BBC Sport,rss,2026-07-29,official,https://www.bbc.co.uk/sport/football/articles/crl7d6n6kp5o?at_medium=RSS&at_campaign=rss,Wrexham complete signing of Palace defender Imray,YES
455,261,Sky Sports,rss,2026-07-29,interest,https://www.skysports.com/football/news/12691/13568271/jack-grealish-transfer-man-city-forward-attracting-interest-from-saudi-side-al-hilal-after-pre-season-snub-paper-talk,Papers: Grealish attracting interest from Saudi side Al Hilal,auto
456,262,BBC Sport,rss,2026-07-30,advanced,https://www.bbc.co.uk/sport/football/articles/clyl1354z3yo?at_medium=RSS&at_campaign=rss,Phillips' struggles are a cautionary tale for Anderson,auto
457,120,BBC Sport,rss,2026-07-30,here_we_go,https://www.bbc.co.uk/sport/football/articles/cg4d11g46lpo?at_medium=RSS&at_campaign=rss,'Ready to write Chelsea story' - Lacroix makes £52m move,YES
458,120,Sky Sports,rss,2026-07-30,here_we_go,https://www.skysports.com/football/news/12691/13566543/maxence-lacroix-transfer-news-chelsea-complete-signing-of-france-defender-from-crystal-palace,Chelsea sign Lacroix from Palace,YES
459,120,The Guardian,rss,2026-07-30,official,https://www.theguardian.com/football/2026/jul/30/chelsea-crystal-palace-maxence-lacroix-transfer-roundup,Chelsea complete deal for Crystal Palace and France defender Maxence Lacroix,YES
460,261,The Guardian,rss,2026-07-30,interest,https://www.theguardian.com/football/2026/jul/30/football-transfer-rumours-jack-grealish-al-hilal-rayan-liverpool,Football transfer rumours: Jack Grealish to make Saudi switch to Al-Hilal?,auto
461,115,Jamie Carragher,rss,2026-07-30,denied,https://www.skysports.com/football/news/12691/13568493/bradley-barcola-transfer-news-jamie-carragher-says-liverpool-do-not-need-psg-winger-as-much-as-they-need-a-mohamed-salah-replacement,Carra: Liverpool don't need Barcola - they need to replace Salah!,auto
462,263,BBC Sport,rss,2026-07-30,here_we_go,https://www.bbc.co.uk/sport/football/articles/cp8e621386mo?at_medium=RSS&at_campaign=rss,South Africa's Makhanya becomes Rangers' eighth summer signing,YES
463,263,Sky Sports,rss,2026-07-30,here_we_go,https://www.skysports.com/football/news/12691/13568464/rangers-transfer-news-olwethu-makhanya-joins-in-3m-deal-from-mls-side-philadelphia-union,'Dream come true' - Makhanya seals Rangers move from MLS,YES
464,104,BBC Sport,rss,2026-07-30,agreement,https://www.bbc.co.uk/sport/football/articles/cx2548lxkrno?at_medium=RSS&at_campaign=rss,'Sassuolo agree £10m fee for Bowie' - gossip,YES
465,110,Sky Sports,rss,2026-07-30,advanced,https://www.skysports.com/football/news/12691/13568628/bruno-guimaraes-transfer-news-arsenal-closing-in-on-deal-for-newcastle-captain-paper-talk,Papers: Arsenal closing in on deal for Newcastle captain Guimaraes,auto
466,110,The Guardian,rss,2026-07-31,advanced,https://www.theguardian.com/football/2026/jul/31/football-transfer-rumours-bruno-guimaraes-arsenal-newcastle-victor-froholdt,Football transfer rumours: Guimarães set for Arsenal? Newcastle to bring in Froholdt?,auto
467,204,BBC Sport,rss,2026-07-30,agreement,https://www.bbc.co.uk/sport/football/articles/cp3rklgggn5o?at_medium=RSS&at_campaign=rss,Defender Stones joins Inter Milan on free transfer,YES
468,264,Sky Sports,rss,2026-07-31,talks,https://www.skysports.com/football/news/12691/13568688/west-ham-transfer-news-hammers-in-talks-to-sign-celtic-midfielder-arne-engels-amid-premier-league-interest,West Ham in talks for Celtic midfielder Engels,auto
469,265,BBC Sport,rss,2026-07-30,interest,https://www.bbc.co.uk/sport/football/articles/cdx857g7rx8o?at_medium=RSS&at_campaign=rss,Three clubs monitoring Delap - Friday's gossip,auto
470,266,BBC Sport,rss,2026-07-31,here_we_go,https://www.bbc.co.uk/sport/football/articles/cd0xdnmgxpxo?at_medium=RSS&at_campaign=rss,Chris Cadden exits Hibs for 'more game time' with Aberdeen,YES
471,264,BBC Sport,rss,2026-07-31,denied,https://www.bbc.co.uk/sport/football/articles/c3r04pdlw22o?at_medium=RSS&at_campaign=rss,Celtic reject West Ham Engels bid and confirm Johnston interest,auto
472,43,The Guardian,rss,2026-07-31,talks,https://www.theguardian.com/football/2026/jul/31/inter-liverpool-curtis-jones-football-transfer-window,Inter make new approach to Liverpool for Curtis Jones with £30m offer likely,auto
473,104,BBC Sport,rss,2026-07-31,official,https://www.bbc.co.uk/sport/football/articles/cy8ejv6j5wwo?at_medium=RSS&at_campaign=rss,Bowie makes loan switch to Serie A side Sassuolo,YES
474,110,BBC Sport,rss,2026-07-31,agreement,https://www.bbc.co.uk/sport/football/articles/c07rpvkym70o?at_medium=RSS&at_campaign=rss,Arsenal agree Guimaraes fee - Saturday's gossip,auto
475,178,BBC Sport,rss,2026-08-01,here_we_go,https://www.bbc.co.uk/sport/football/articles/cgljn7l17eno?at_medium=RSS&at_campaign=rss,Bournemouth sign Portugal defender Silva,YES
476,178,Sky Sports,rss,2026-08-01,official,https://www.skysports.com/football/news/12691/13569014/antonio-silva-bournemouth-clinch-signing-of-portugal-international-defender-from-benfica,Bournemouth sign defender Silva from Benfica,YES
477,245,BBC Sport,rss,2026-08-01,official,https://www.bbc.co.uk/sport/football/articles/cly5g1vy3p3o?at_medium=RSS&at_campaign=rss,Chelsea confirm Welbeck signing from Brighton,auto
478,245,The Guardian,rss,2026-08-01,agreement,https://www.theguardian.com/football/2026/aug/01/transfer-news-welbeck-joins-chelsea-brentford-complete-record-sangare-deal,"Transfer news: Welbeck joins Chelsea, Brentford complete record Sangaré deal",auto
479,267,BBC Sport,rss,2026-08-01,official,https://www.bbc.co.uk/sport/football/articles/cn8n43nzyvmo?at_medium=RSS&at_campaign=rss,Brentford sign Sangare for club record fee,YES
480,268,Sky Sports,rss,2026-08-01,interest,https://www.skysports.com/football/news/12691/13569111/myles-lewis-skelly-transfer-news-man-utd-considering-move-for-arsenal-player-paper-talk,Papers: Man Utd considering move for Arsenal's Lewis-Skelly,auto
481,269,BBC Sport,rss,2026-08-01,advanced,https://www.bbc.co.uk/sport/football/articles/ckg9jlzwrnro?at_medium=RSS&at_campaign=rss,Salah close to Trabzonspor move - Sunday's gossip,auto
482,270,BBC Sport,rss,2026-08-02,interest,https://www.bbc.co.uk/sport/football/articles/cvg9q171y8qo?at_medium=RSS&at_campaign=rss,Celtic to make new bid for Gineitis - gossip,auto
483,271,BBC Sport,rss,2026-08-02,advanced,https://www.bbc.co.uk/sport/football/articles/cjwx77l1lg9o?at_medium=RSS&at_campaign=rss,Bournemouth close in on £11.1m Juanlu,YES
485,273,Sky Sports,rss,2026-08-03,interest,https://www.skysports.com/football/news/12691/13569350/cody-gakpo-tottenham-interested-in-signing-liverpool-forward-as-roberto-de-zerbi-aims-to-improve-spurs-attack,Spurs interested in Liverpool's Gakpo,auto
486,274,BBC Sport,rss,2026-08-03,here_we_go,https://www.bbc.co.uk/sport/football/articles/c3ekzyz1qj8o?at_medium=RSS&at_campaign=rss,Newcastle sign Braga keeper Hornicek for £25.7m,YES
487,274,Sky Sports,rss,2026-08-03,official,https://www.skysports.com/football/news/12691/13569327/lukas-hornicek-newcastle-united-sign-czech-republic-international-goalkeeper-on-five-year-contract-from-braga-in-deal-worth-25-7m,Newcastle sign goalkeeper Hornicek,YES
488,275,BBC Sport,rss,2026-08-02,official,https://www.bbc.co.uk/sport/football/articles/cdrv6e5m87no?at_medium=RSS&at_campaign=rss,Chelsea sign Strasbourg midfielder Barco,YES
489,275,The Guardian,rss,2026-08-02,official,https://www.theguardian.com/football/2026/aug/02/chelsea-sign-argentina-international-valentin-barco-from-strasbourg,Chelsea sign Argentina international Valentín Barco from Strasbourg,YES
490,276,BBC Sport,rss,2026-08-02,interest,https://www.bbc.co.uk/sport/football/articles/cn7n66edplno?at_medium=RSS&at_campaign=rss,Spurs make Osimhen approach - Monday's gossip,auto
492,110,The Guardian,rss,2026-08-03,denied,https://www.theguardian.com/football/2026/aug/03/premier-league-transfer-newcastle-reject-first-bid-arsenal-bruno-guimaraes,Newcastle reject first bid from Arsenal for captain Bruno Guimarães,auto
493,123,BBC Sport,rss,2026-08-03,agreement,https://www.bbc.co.uk/sport/football/articles/cgljgk65j25o?at_medium=RSS&at_campaign=rss,Como agree £31m deal to sign Chalobah from Chelsea,auto
494,123,The Guardian,rss,2026-08-03,agreement,https://www.theguardian.com/football/2026/aug/03/transfer-roundup-chelsea-sell-trevoh-chalobah-sign-jordan-henderson,Transfer roundup: Chelsea sell Trevoh Chalobah and sign Jordan Henderson,auto
495,247,BBC Sport,rss,2026-08-03,official,https://www.bbc.co.uk/sport/football/articles/c62qnnrzqk5o?at_medium=RSS&at_campaign=rss,England midfielder Henderson joins Chelsea,auto
496,247,Sky Sports,rss,2026-08-03,official,https://www.skysports.com/football/news/12691/13569179/jordan-henderson-transfer-news-chelsea-confirm-signing-of-midfielder-following-brentford-exit,'Couldn't turn it down' - Chelsea confirm Henderson signing,auto
497,277,BBC Sport,rss,2026-08-03,denied,https://www.bbc.co.uk/sport/football/articles/c0rdpwvqgkgo?at_medium=RSS&at_campaign=rss,'Jadon was not on trial with the club' - Flixton dismiss Sancho talk,auto
498,54,BBC Sport,rss,2026-08-03,interest,https://www.bbc.co.uk/sport/football/articles/cy5dqynxdezo?at_medium=RSS&at_campaign=rss,Fenerbahce ready huge Rashford offer - Tuesday's gossip,auto
499,278,BBC Sport,rss,2026-08-04,agreement,https://www.bbc.co.uk/sport/football/articles/cx25y0yx4x7o?at_medium=RSS&at_campaign=rss,Rangers agree fee for Japanese winger Yokota - gossip,auto
500,279,BBC Sport,rss,2026-08-03,official,https://www.bbc.co.uk/sport/football/articles/c5yv049xqpzo?at_medium=RSS&at_campaign=rss,Fulham sign Garcia and Palacios from Real Madrid,auto
501,273,The Guardian,rss,2026-08-04,interest,https://www.theguardian.com/football/2026/aug/04/football-transfer-rumour-mill-chelsea-mykhailo-mudryk-lampard-coventry,Football transfer rumours: Chelsea’s Mudryk to reunite with Lampard at Coventry?,auto
502,280,BBC Sport,rss,2026-08-04,official,https://www.bbc.co.uk/sport/football/articles/c98v6nz6v2eo?at_medium=RSS&at_campaign=rss,Coventry sign Brighton goalkeeper Rushworth after loan,YES
503,280,The Guardian,rss,2026-08-04,official,https://www.theguardian.com/football/2026/aug/04/frank-lampard-coventry-brighton-carl-rushworth-transfer-roundup,Frank Lampard hails ‘huge’ signing as Coventry seal record £22.5m Rushworth deal,YES
504,281,BBC Sport,rss,2026-08-04,agreement,https://www.bbc.co.uk/sport/football/articles/cwyepgxz93yo?at_medium=RSS&at_campaign=rss,Keeper Jorgensen set for loan move to Strasbourg,auto
505,110,Sky Sports,rss,2026-08-05,agreement,https://www.skysports.com/football/news/12691/13569653/bruno-guimaraes-transfer-news-arsenal-agree-75m-fee-for-newcastle-midfielder,Arsenal agree fee for Guimaraes,auto
506,110,The Guardian,rss,2026-08-05,medical,https://www.theguardian.com/football/2026/aug/05/arsenal-agree-75m-fee-with-newcastle-for-bruno-guimaraes-as-clubs-reach-compromise,Arsenal agree £75m fee with Newcastle for Bruno Guimarães as clubs reach compromise,auto
507,134,BBC Sport,rss,2026-08-04,here_we_go,https://www.bbc.co.uk/sport/football/articles/cjrv0pxvqx1o?at_medium=RSS&at_campaign=rss,Ipswich sign midfielder Florentino from Burnley,auto
508,269,BBC Sport,rss,2026-08-04,talks,https://www.bbc.co.uk/sport/football/articles/ckgdkd5ggg7o?at_medium=RSS&at_campaign=rss,Turkish club Trabzonspor begin talks to sign Salah,auto
509,269,The Guardian,rss,2026-08-04,medical,https://www.theguardian.com/football/2026/aug/04/trabzonspor-transfer-mohamed-salah-turkish-super-lig,Trabzonspor aim to sign Mohamed Salah this week after opening transfer talks,auto
510,278,BBC Sport,rss,2026-08-05,here_we_go,https://www.bbc.co.uk/sport/football/articles/cddjryv4e52o?at_medium=RSS&at_campaign=rss,Rangers complete signing of winger Yokota,auto
511,278,Sky Sports,rss,2026-08-05,official,https://www.skysports.com/football/news/12691/13569962/rangers-transfer-news-daisuke-yokota-joins-from-hannover-96-to-become-derek-mcinnes-ninth-summer-signing,Yokota targets 'special memories' as he seals Rangers move,auto
512,282,Sky Sports,rss,2026-08-04,interest,https://www.skysports.com/football/news/12691/13569788/diogo-costa-transfer-news-chelsea-eyeing-move-for-porto-goalkeeper-paper-talk,Papers: Chelsea eyeing move for Porto goalkeeper Costa,auto
513,283,The Guardian,rss,2026-08-05,rumour_link,https://www.theguardian.com/football/2026/aug/05/football-transfer-rumours-folarin-balogun-tottenham-hotspur-pedro-neto-manchester-city,Football transfer rumours: Folarin Balogun to Spurs? Pedro Neto to Manchester City?,auto
514,284,BBC Sport,rss,2026-08-05,interest,https://www.bbc.co.uk/sport/football/articles/ckg3l1jennro?at_medium=RSS&at_campaign=rss,Celtic push for Ghedjemis deal as Rangers face Yokota race - gossip,auto
515,285,BBC Sport,rss,2026-08-05,advanced,https://www.bbc.co.uk/sport/football/articles/c4gygn47rpmo?at_medium=RSS&at_campaign=rss,Chelsea nearing £16.3m deal for Rayo defender Chavarria,auto
516,286,BBC Sport,rss,2026-08-04,rumour_link,https://www.bbc.co.uk/sport/football/articles/cy8mvgp179po?at_medium=RSS&at_campaign=rss,Forest target Reijnders - Wednesday's gossip,auto
517,269,BBC Sport,rss,2026-08-05,agreement,https://www.bbc.co.uk/sport/football/articles/cn8negllz1ko?at_medium=RSS&at_campaign=rss,Salah given hero's welcome before Trabzonspor move,auto
518,269,Sky Sports,rss,2026-08-05,agreement,https://www.skysports.com/football/news/12691/13569969/mohamed-salah-former-liverpool-forward-set-to-join-turkish-club-trabzonspor-on-free-transfer-after-leaving-anfield,Salah set to join Turkish side Trabzonspor,auto
519,285,Sky Sports,rss,2026-08-05,advanced,https://www.skysports.com/football/news/12691/13569945/pep-chavarria-chelsea-set-to-clinch-deal-to-sign-rayo-vallecano-left-back-for-initial-16-3m-fee-as-blues-seek-to-replace-marc-cucurella,Chelsea set to clinch deal to sign Rayo Vallecano left-back Chavarria,auto
520,287,Sky Sports,rss,2026-08-05,interest,https://www.skysports.com/football/news/12691/13569955/ibrahim-mbaye-liverpool-explore-deal-for-paris-saint-germain-winger,Liverpool explore deal for PSG winger Mbaye,auto
521,288,BBC Sport,rss,2026-08-05,agreement,https://www.bbc.co.uk/sport/football/articles/c935ng14xv0o?at_medium=RSS&at_campaign=rss,Cardiff set to sign Lincoln midfielder Moylan,YES
522,289,BBC Sport,rss,2026-08-05,official,https://www.bbc.co.uk/sport/football/articles/ce8l6nn7xkyo?at_medium=RSS&at_campaign=rss,Hull sign goalkeeper Tzolakis for club record fee,YES
523,290,The Guardian,rss,2026-08-05,advanced,https://www.theguardian.com/football/2026/aug/05/crystal-palace-ready-to-swoop-for-us-star-zavier-gozo-and-stand-firm-on-wharton,Crystal Palace ready to swoop for US star Zavier Gozo and stand firm on Wharton,auto
524,256,BBC Sport,rss,2026-08-05,agreement,https://www.bbc.co.uk/sport/football/articles/c629njd9npxo?at_medium=RSS&at_campaign=rss,Palace set to sign Tomiyasu and consider March deal,auto
525,124,The Guardian,rss,2026-08-05,agreement,https://www.theguardian.com/football/2026/aug/05/real-madrid-agree-club-record-115m-deal-for-yan-diomande-and-want-to-keep-vinicius,Real Madrid agree club-record £115m deal for Yan Diomande and want to keep Vinícius,YES
526,124,BBC Sport,rss,2026-08-06,official,https://www.bbc.co.uk/sport/football/articles/c4g3906pz65o?at_medium=RSS&at_campaign=rss,Real Madrid sign Diomande from RB Leipzig,YES
527,124,Sky Sports,rss,2026-08-06,agreement,https://www.skysports.com/football/news/12691/13567543/yan-diomande-transfer-news-real-madrid-agree-deal-for-ivory-coast-international-with-rb-leipzig,Real Madrid agree deal for Diomande,YES
528,198,The Daily Mail,rss,2026-08-06,interest,https://www.theguardian.com/football/2026/aug/06/football-transfer-rumours-arsenal-ezri-konsa-raul-asencio-liverpool,Football transfer rumours: Arsenal back for £60m Konsa? Asencio to Liverpool?,auto
529,223,BBC Sport,rss,2026-08-06,rumour_link,https://www.bbc.co.uk/sport/football/articles/cglj6p6n9l8o?at_medium=RSS&at_campaign=rss,Barcelona? Real Madrid? Man City's Rodri has a decision to make,auto
530,249,The Guardian,rss,2026-08-06,interest,https://www.theguardian.com/football/2026/aug/06/barcelona-rodri-alvarez-manchester-city-real-madrid-transfers,Barcelona keen on Rodri as Real Madrid talks with Manchester City star stall,auto
531,269,Sky Sports,rss,2026-08-06,here_we_go,https://www.skysports.com/football/news/12691/13570282/mohamed-salah-former-liverpool-forward-joins-turkish-club-trabzonspor-on-free-transfer-after-leaving-anfield,Salah joins Turkish side Trabzonspor,auto
532,269,The Guardian,rss,2026-08-06,official,https://www.theguardian.com/football/2026/aug/06/mohamed-salah-14m-per-season-two-year-trabzonspor-deal,Mohamed Salah to earn upwards of £14.5m per season in two-year Trabzonspor deal,auto
533,273,BBC Sport,rss,2026-08-06,interest,https://www.bbc.co.uk/sport/football/articles/c98vnel56q6o?at_medium=RSS&at_campaign=rss,A wanted man - but would Liverpool's Gakpo be a good fit at Spurs?,auto
534,287,BBC Sport,rss,2026-08-05,interest,https://www.bbc.co.uk/sport/football/articles/cr59z307my1o?at_medium=RSS&at_campaign=rss,Liverpool explore Mbaye deal - Thursday's gossip,auto
535,291,BBC Sport,rss,2026-08-05,here_we_go,https://www.bbc.co.uk/sport/football/articles/cm2gvlnjndpo?at_medium=RSS&at_campaign=rss,Everton sign midfielder Norgaard from Arsenal,YES
536,292,BBC Sport,rss,2026-08-06,official,https://www.bbc.co.uk/sport/football/articles/cly91exewj2o?at_medium=RSS&at_campaign=rss,Bournemouth sign Spanish right-back Juanlu,auto
537,293,BBC Sport,rss,2026-08-06,official,https://www.bbc.co.uk/sport/football/articles/cq56qwgdg9po?at_medium=RSS&at_campaign=rss,Swansea sign Scotland striker Stewart,YES
538,126,Sky Sports,rss,2026-08-07,agreement,https://www.skysports.com/football/news/12691/13570137/jeremy-jacquet-why-liverpool-are-ready-to-put-their-faith-in-60m-france-centre-back,Why Liverpool are ready to put their faith in the 'real deal' Jacquet,auto
539,191,BBC Sport,rss,2026-08-06,denied,https://www.bbc.co.uk/sport/football/articles/cqlxkxken3po?at_medium=RSS&at_campaign=rss,Liverpool not pursuing Spence move - Friday's gossip,auto
540,228,Sky Sports,rss,2026-08-06,official,https://www.skysports.com/football/news/12691/13567585/leeds-united-transfer-news-james-trafford-agrees-deal-for-club-record-move-from-man-city,Leeds sign England goalkeeper Trafford for club-record fee,YES
541,241,The Guardian,rss,2026-08-06,rumour_link,https://www.theguardian.com/football/2026/aug/06/arsenal-hopes-dashed-after-vinicius-junior-extends-real-madrid-contract-to-2032,Arsenal hopes dashed after Vinícius Júnior extends Real Madrid contract to 2032,auto
542,249,Sky Sports News,rss,2026-08-06,interest,https://www.skysports.com/football/news/12691/13570426/rodri-transfer-news-barcelona-target-man-city-and-spain-star-wanted-by-real-madrid,Barcelona join Real Madrid in race for Man City's Rodri,auto
543,294,BBC Sport,rss,2026-08-06,here_we_go,https://www.bbc.co.uk/sport/football/articles/ce971e8ny8mo?at_medium=RSS&at_campaign=rss,Birmingham sign striker Effa Effa for £100K,auto
544,295,BBC Sport,rss,2026-08-07,interest,https://www.bbc.co.uk/sport/football/articles/c87nlvj2zy9o?at_medium=RSS&at_campaign=rss,Caldentey embraces 'cool' pressure as Arsenal target Treble,auto
545,296,BBC Sport,rss,2026-08-07,advanced,https://www.bbc.co.uk/sport/football/articles/cglj670g0j4o?at_medium=RSS&at_campaign=rss,Old Firm bid for wingers as Anderlecht hold Ferry talks - gossip,auto
546,239,BBC Sport,rss,2026-08-07,talks,https://www.bbc.co.uk/sport/football/articles/c0qv4g0x79go?at_medium=RSS&at_campaign=rss,Atletico hold talks with Spurs captain Romero,auto
547,239,The Guardian,rss,2026-08-07,talks,https://www.theguardian.com/football/2026/aug/07/tottenham-and-atletico-in-talks-over-romero-with-van-de-ven-set-to-sign-new-deal,Tottenham and Atlético in talks over Romero with Van de Ven set to sign new deal,auto
548,239,the Athletic,rss,2026-08-07,interest,https://www.theguardian.com/football/2026/aug/07/football-transfer-rumours-cristian-romero-spurs-arsenal-atletico-inter,Football transfer rumours: Cristian Romero to leave Spurs for … Arsenal?,auto
549,223,Sky Sports,rss,2026-08-07,denied,https://www.skysports.com/football/news/12691/13570585/rodri-transfer-news-man-city-reject-initial-barcelona-off-for-spain-midfielder-with-bid-considered-far-too-low,Man City reject Barcelona offer for Rodri,auto
550,249,The Guardian,rss,2026-08-07,agreement,https://www.theguardian.com/football/2026/aug/07/manchester-city-reject-barcelonas-opening-385m-bid-for-rodri-as-talks-continue,Manchester City reject Barcelona’s opening £38.5m bid for Rodri as talks continue,auto
551,256,BBC Sport,rss,2026-08-07,official,https://www.bbc.co.uk/sport/football/articles/c07rxpj2ln9o?at_medium=RSS&at_campaign=rss,Palace sign defender Tomiyasu after pre-season trial,auto
552,297,BBC Sport,rss,2026-08-07,official,https://www.bbc.co.uk/sport/football/articles/cdrve3k5xv0o?at_medium=RSS&at_campaign=rss,Hjerto-Dahl joins Hull in 'biggest challenge' yet,auto
553,298,BBC Sport,rss,2026-08-07,official,https://www.bbc.co.uk/sport/football/articles/cy4kgprjzx2o?at_medium=RSS&at_campaign=rss,Coventry sign Ghana's Yirenkyi for record fee,auto
554,299,BBC Sport,rss,2026-08-07,here_we_go,https://www.bbc.co.uk/sport/football/articles/cpq8ye7znr2o?at_medium=RSS&at_campaign=rss,Notts County sign Cobblers midfielder Campbell,auto
555,300,BBC Sport,rss,2026-08-07,interest,https://www.bbc.co.uk/sport/football/articles/c0l5x67wl67o?at_medium=RSS&at_campaign=rss,Man City explore Fernandez move - Saturday's gossip,auto
556,301,BBC Sport,rss,2026-08-08,agreement,https://www.bbc.co.uk/sport/football/articles/cwye10q7e92o?at_medium=RSS&at_campaign=rss,Man City agree deal to sign Marseille keeper Rulli,auto
557,302,BBC Sport,rss,2026-08-07,advanced,https://www.bbc.co.uk/sport/football/articles/c4gxvvxldewo?at_medium=RSS&at_campaign=rss,Liverpool close to signing Barcelona's Araujo on loan,auto
558,110,BBC Sport,rss,2026-08-08,official,https://www.bbc.co.uk/sport/football/articles/c1719r079rjo?at_medium=RSS&at_campaign=rss,Arsenal sign Guimaraes from Newcastle in £75m deal,auto
559,110,BBC Sport,rss,2026-08-08,here_we_go,https://www.bbc.co.uk/sport/football/videos/cp3r469vq79o?at_medium=RSS&at_campaign=rss,Watch Guimaraes' best moments after Arsenal sign midfield maestro,auto
560,110,Sky Sports,rss,2026-08-08,official,https://www.skysports.com/football/news/12691/13570096/bruno-guimaraes-arsenal-sign-midfielder-in-75m-transfer-as-newcastle-surpass-240m-in-player-sales-this-summer,'I'm your warrior' - Guimaraes moves to Arsenal from Newcastle for £75m,auto
561,110,Sky Sports,rss,2026-08-08,here_we_go,https://www.skysports.com/football/news/12691/13569644/bruno-guimaraes-to-arsenal-how-does-ex-newcastle-captain-fit-in-and-what-does-it-mean-for-martin-zubimendi-martin-odegaard-myles-lewis-skelly,Where does Guimaraes fit in at Arsenal?,auto
562,110,The Guardian,rss,2026-08-08,here_we_go,https://www.theguardian.com/football/2026/aug/08/arsenal-transfer-bruno-guimaraes-newcastle-football,Bruno Guimarães completes £75m Arsenal move: ‘I needed a new challenge’,auto
563,302,The Guardian,rss,2026-08-08,agreement,https://www.theguardian.com/football/2026/aug/08/liverpool-barcelona-ronald-araujo-loan-football-transfer,Liverpool agree to sign Barcelona’s Ronald Araújo on loan as Jacquet cover,auto
564,303,BBC Sport,rss,2026-08-08,denied,https://www.bbc.co.uk/sport/football/articles/cj36vld3mk2o?at_medium=RSS&at_campaign=rss,PSV reject improved Rangers offer for Driouech - gossip,auto
565,304,BBC Sport,rss,2026-08-08,here_we_go,https://www.bbc.co.uk/sport/articles/cd0xy9dlgnjo?at_medium=RSS&at_campaign=rss,Aberdeen buy versatile Belgian forward Ntelo,auto
566,305,BBC Sport,rss,2026-08-08,here_we_go,https://www.bbc.co.uk/sport/football/articles/c20edq170p2o?at_medium=RSS&at_campaign=rss,Middlesbrough sign Man Utd keeper Vitek,auto
567,165,BBC Sport,rss,2026-08-08,here_we_go,https://www.bbc.co.uk/sport/football/articles/ce34k3qve4no?at_medium=RSS&at_campaign=rss,Tielemans cameo against PSG hints at Man Utd future,auto
568,249,BBC Sport,rss,2026-08-08,talks,https://www.bbc.co.uk/sport/football/articles/c05qvj0yj46o?at_medium=RSS&at_campaign=rss,Barca make second bid for Rodri - Sunday's gossip,auto
569,110,Mikel Arteta,rss,2026-08-09,agreement,https://www.bbc.co.uk/sport/football/articles/c629ggx45d3o?at_medium=RSS&at_campaign=rss,Guimaraes can take us to the next level - Arteta,auto
570,306,BBC Sport,rss,2026-08-09,agreement,https://www.bbc.co.uk/sport/football/articles/c5yevd5wxl1o?at_medium=RSS&at_campaign=rss,Hearts agree £1.7m deal to sell winger Kyziridis,auto
571,307,BBC Sport,rss,2026-08-09,talks,https://www.bbc.co.uk/sport/football/articles/ckg32lvxpvyo?at_medium=RSS&at_campaign=rss,Everton's McNeil & Palace's Johnson poised for swap,auto
572,308,BBC Sport,rss,2026-08-09,talks,https://www.bbc.co.uk/sport/football/articles/c5y4qpjqd7qo?at_medium=RSS&at_campaign=rss,Man Utd working on deal to sign Leicester teenager Page,auto
573,309,BBC Sport,rss,2026-08-09,advanced,https://www.bbc.co.uk/sport/football/articles/c7vgj826nnjo?at_medium=RSS&at_campaign=rss,Sevilla close to signing Scottish striker Ure in £7.9m deal,auto
574,310,BBC Sport,rss,2026-08-09,agreement,https://www.bbc.co.uk/sport/football/articles/ce3qgzv43d3o?at_medium=RSS&at_campaign=rss,Fulham agree £30m fee for Southampton's Charles,auto
575,123,BBC Sport,rss,2026-08-09,here_we_go,https://www.bbc.co.uk/sport/football/articles/cn4n884vr4mo?at_medium=RSS&at_campaign=rss,Como sign defender Chalobah from Chelsea,auto
576,311,BBC Sport,rss,2026-08-09,interest,https://www.bbc.co.uk/sport/football/articles/cx2klxw043xo?at_medium=RSS&at_campaign=rss,Villa interested in Endrick loan - Monday's gossip,auto
577,311,The Guardian,rss,2026-08-10,interest,https://www.theguardian.com/football/2026/aug/10/football-transfer-rumours-aston-villa-endrick-manchester-city-barcelona-rodri-frenkie-de-jong,Football transfer rumours: Endrick set for Villa loan? De Jong offered in Rodri deal?,auto
578,312,BBC Sport,rss,2026-08-09,official,https://www.bbc.co.uk/sport/football/articles/ce34v2eyn1qo?at_medium=RSS&at_campaign=rss,Digne completes move to PSG from Aston Villa,auto
579,312,The Guardian,rss,2026-08-09,here_we_go,https://www.theguardian.com/football/2026/aug/09/transfer-roundup-fulham-agree-deal-shea-charles-southampton-trevoh-chalobah-como,"Transfer roundup: Digne returns to PSG from Villa, Fulham agree £30m deal for Charles",auto
580,313,BBC Sport,rss,2026-08-10,agreement,https://www.bbc.co.uk/sport/football/articles/cx2klw97p97o?at_medium=RSS&at_campaign=rss,Rangers midfielder Diomande set for move to Turkey - gossip,auto
581,169,The Guardian,rss,2026-08-10,advanced,https://www.theguardian.com/football/2026/aug/10/manchester-city-85m-ayyoub-bouaddi-rodri-barcelona-transfer,Manchester City closing in on £85m Bouaddi to soften blow of Rodri’s expected exit,auto
582,314,BBC Sport,rss,2026-08-10,advanced,https://www.bbc.co.uk/sport/football/articles/cx256kz7nkko?at_medium=RSS&at_campaign=rss,Wrexham closing in on Sunderland's Patterson,auto
583,315,The Guardian,rss,2026-08-10,agreement,https://www.theguardian.com/football/2026/aug/10/crystal-palace-everton-brennan-johnson-dwight-mcneil-transfer-roundup,Crystal Palace and Everton agree Brennan Johnson-Dwight McNeil swap deal,auto
584,50,BBC Sport,rss,2026-08-10,talks,https://www.bbc.co.uk/sport/football/articles/c1m1krdjk4no?at_medium=RSS&at_campaign=rss,Villa in talks to sign Bayern's Palhinha,auto
585,316,BBC Sport,rss,2026-08-10,advanced,https://www.bbc.co.uk/sport/football/articles/c4g36zdrq2lo?at_medium=RSS&at_campaign=rss,Palace close to signing Khalaili from Union SG,auto
586,169,BBC Sport,rss,2026-08-10,advanced,https://www.bbc.co.uk/sport/football/articles/cre417w85reo?at_medium=RSS&at_campaign=rss,Man City close in on Bouaddi - Tuesday's gossip,auto
587,169,Sky Sports,rss,2026-08-10,talks,https://www.skysports.com/football/news/12691/13571742/man-city-transfer-news-talks-ongoing-with-lilles-ayyoub-bouaddi-but-rodri-to-barcelona-talks-inactive-with-enzo-fernandez-also-an-option,Man City in Bouaddi talks with Chelsea's Fernandez also an option,auto
588,302,BBC Sport,rss,2026-08-10,here_we_go,https://www.bbc.co.uk/sport/football/articles/c4gx5w7egvwo?at_medium=RSS&at_campaign=rss,Why has Araujo joined Liverpool and where did it go wrong at Barcelona?,auto
589,302,BBC Sport,rss,2026-08-10,agreement,https://www.bbc.co.uk/sport/football/articles/c70gk0ry07ko?at_medium=RSS&at_campaign=rss,Liverpool sign Araujo on loan from Barcelona,auto
590,302,Sky Sports,rss,2026-08-10,official,https://www.skysports.com/football/news/12691/13570899/ronald-araujo-transfer-news-liverpool-complete-deal-to-sign-barcelona-defender-on-loan-with-option-to-buy,Liverpool sign Araujo from Barcelona,auto
591,306,BBC Sport,rss,2026-08-10,here_we_go,https://www.bbc.co.uk/sport/football/articles/cn4nvwrd2g4o?at_medium=RSS&at_campaign=rss,Kyziridis exits Hearts for Turkish club Corum,auto
592,311,Sky Sports,rss,2026-08-09,interest,https://www.skysports.com/football/news/12691/13571792/aston-villa-keen-on-loan-deal-for-real-madrid-wonderkid-endrick-paper-talk,Papers: Aston Villa interested in Endrick loan from Real Madrid,auto
593,317,BBC Sport,rss,2026-08-10,official,https://www.bbc.co.uk/sport/football/articles/cpq8x2ggdnno?at_medium=RSS&at_campaign=rss,West Ham sign winger Solomon from Tottenham,auto
594,217,BBC Sport,rss,2026-08-11,here_we_go,https://www.bbc.co.uk/sport/football/articles/c70g5539dygo?at_medium=RSS&at_campaign=rss,Forest sign Sporting's Ivory Coast defender Diomande,auto
595,217,Sky Sports,rss,2026-08-11,official,https://www.skysports.com/football/news/12691/13571913/ousmane-diomande-nottingham-forest-sign-sporting-defender-for-34-3m-on-four-year-deal,Nottingham Forest sign defender Diomande in £34m deal,auto
596,217,The Guardian,rss,2026-08-11,agreement,https://www.theguardian.com/football/2026/aug/11/transfer-roundup-nottingham-forest-ousmane-diomande-fulham-shea-charles,Transfer roundup: Nottingham Forest seal £34m deal for Sporting’s Diomande,auto
597,307,BBC Sport,rss,2026-08-11,here_we_go,https://www.bbc.co.uk/sport/football/articles/cm2g9yvd1neo?at_medium=RSS&at_campaign=rss,Everton and Palace complete McNeil-Johnson swap,auto
598,310,BBC Sport NI,rss,2026-08-11,official,https://www.bbc.co.uk/sport/football/articles/cn5n3rl0p0ko?at_medium=RSS&at_campaign=rss,Charles' rise to NI's most expensive footballer,auto
599,315,Sky Sports,rss,2026-08-11,here_we_go,https://www.skysports.com/football/news/12691/13571877/everton-sign-brennan-johnson-from-crystal-palace-as-dwight-mcneil-moves-to-selhurst-park-in-transfer-swap-deal,Everton sign Johnson from Palace in transfer swap for McNeil,auto
600,318,BBC Sport,rss,2026-08-11,talks,https://www.bbc.co.uk/sport/football/articles/czrjee6gzkxo?at_medium=RSS&at_campaign=rss,Crystal Palace in talks to re-sign Guessand on loan,auto
601,319,BBC Sport,rss,2026-08-11,interest,https://www.bbc.co.uk/sport/football/articles/cqlx7geg6leo?at_medium=RSS&at_campaign=rss,Chelsea give Mudryk go-ahead for loan move,auto
602,320,The Guardian,rss,2026-08-11,rumour_link,https://www.theguardian.com/football/2026/aug/11/football-transfer-rumour-mill-jamie-vardy-west-ham-real-madrid-zubimendi,Football transfer rumours: Vardy to West Ham? Madrid move for Zubimendi?,auto
603,321,The Guardian,rss,2026-08-11,interest,https://www.theguardian.com/football/2026/aug/11/arsenal-myles-lewis-skelly-offered-to-manchester-united-left-back,Arsenal’s Myles Lewis-Skelly offered to Manchester United as left-back solution,auto
604,191,Sky Sports,rss,2026-08-11,talks,https://www.skysports.com/football/news/12691/13572037/djed-spence-transfer-news-inter-milan-in-talks-to-sign-spurs-and-england-defender,Inter Milan in talks over Spurs and England defender Spence,auto
605,199,BBC Scotland,rss,2026-08-11,interest,https://www.bbc.co.uk/sport/football/articles/c980kg4xnxeo?at_medium=RSS&at_campaign=rss,Who is prospective new Celtic signing Hassan?,auto
606,321,Sky Sports,rss,2026-08-11,interest,https://www.skysports.com/football/news/12691/13571919/myles-lewis-skelly-transfer-news-chelsea-make-enquiry-for-arsenal-teenager-amid-long-term-interest-from-blues-and-man-utd,Chelsea make enquiry for Arsenal's Lewis-Skelly,auto
607,191,The Guardian,rss,2026-08-11,talks,https://www.theguardian.com/football/2026/aug/11/djed-spence-nears-tottenham-exit-inter-in-talks-over-move,Djed Spence nears Tottenham exit with Inter in talks over £25.6m move,auto
608,262,BBC Sport,rss,2026-08-11,agreement,https://www.bbc.co.uk/sport/football/articles/c0m7j79j873o?at_medium=RSS&at_campaign=rss,Sheff Utd re-sign Man City's Phillips on loan,auto
609,322,BBC Sport,rss,2026-08-11,official,https://www.bbc.co.uk/sport/football/articles/c629lp48ykwo?at_medium=RSS&at_campaign=rss,Hamer rejoins Coventry City on 'long-term' deal,auto
610,323,BBC Sport,rss,2026-08-12,talks,https://www.bbc.co.uk/sport/football/articles/cdj074d03nlo?at_medium=RSS&at_campaign=rss,Meghoma could return - Wednesday's gossip,auto
611,324,BBC Sport,rss,2026-08-11,rumour_link,https://www.bbc.co.uk/sport/football/articles/cy5d127gv0go?at_medium=RSS&at_campaign=rss,Coventry eye Mudryk on loan - Wednesday's gossip,auto
612,246,The Guardian,rss,2026-08-12,talks,https://www.theguardian.com/football/2026/aug/12/manchester-city-chelsea-enzo-fernandez,Barcelona make improved £51m bid for Rodri as Manchester City target Fernández,auto
613,285,BBC Sport,rss,2026-08-12,agreement,https://www.bbc.co.uk/sport/football/articles/cvg0rw84xk9o?at_medium=RSS&at_campaign=rss,The late-bloomer left-back joining Chelsea for £16m,auto
614,301,BBC Sport,rss,2026-08-12,here_we_go,https://www.bbc.co.uk/sport/football/articles/cvgwz829l04o?at_medium=RSS&at_campaign=rss,Man City sign goalkeeper Rulli from Marseille,auto
615,325,BBC Sport,rss,2026-08-12,advanced,https://www.bbc.co.uk/sport/football/articles/cgljpye101xo?at_medium=RSS&at_campaign=rss,Torres misses Barcelona training to finalise PSG move,auto
616,326,BBC Sport,rss,2026-08-12,agreement,https://www.bbc.co.uk/sport/football/articles/c4gj4zvdn0ko?at_medium=RSS&at_campaign=rss,Ipswich agree fee for Paraguay forward Enciso,auto
617,191,BBC Sport,rss,2026-08-12,advanced,https://www.bbc.co.uk/sport/football/articles/cvgxz9xd95zo?at_medium=RSS&at_campaign=rss,Inter in advanced talks for Spurs full-back Spence,auto
618,198,BBC Sport,rss,2026-08-12,interest,https://www.bbc.co.uk/sport/football/articles/cx2v175j40zo?at_medium=RSS&at_campaign=rss,Arsenal reignite interest in Aston Villa's Konsa,auto
619,321,BBC Sport,rss,2026-08-12,interest,https://www.bbc.co.uk/sport/football/articles/clyxpgjx4mjo?at_medium=RSS&at_campaign=rss,What's happening with Lewis-Skelly's Arsenal future?,auto
620,327,BBC Sport,rss,2026-08-12,denied,https://www.bbc.co.uk/sport/football/articles/c0jl27w90xxo?at_medium=RSS&at_campaign=rss,Palace bid for Monaco midfielder Camara rejected,auto
621,328,BBC Sport,rss,2026-08-12,advanced,https://www.bbc.co.uk/sport/football/articles/c1j12xypl19o?at_medium=RSS&at_campaign=rss,Villa close in on Atletico defender Ruggeri,auto
622,198,Sky Sports,rss,2026-08-12,talks,https://www.skysports.com/football/news/12691/13572412/arsenal-transfer-news-gunners-hold-further-talks-over-aston-villa-defender-ezri-konsa-paper-talk,Papers: Arsenal hold further talks over Villa's Konsa,auto
623,199,Sky Sports,rss,2026-08-12,official,https://www.skysports.com/football/news/12691/13570650/haissem-hassan-celtic-sign-egypt-winger-from-real-oviedo-on-four-year-deal-worth-9m,Celtic sign Egypt winger Hassan in time for key Champions League tie,auto
624,239,BBC Sport,rss,2026-08-12,agreement,https://www.bbc.co.uk/sport/football/articles/cy8e2vx2l30o?at_medium=RSS&at_campaign=rss,Atletico agree £34m deal for Tottenham's Romero,auto
625,239,The Guardian,rss,2026-08-12,agreement,https://www.theguardian.com/football/2026/aug/12/atletico-madrid-agree-deal-tottenham-cristian-romero,Atlético Madrid agree £34.1m deal for Tottenham’s Cristian Romero,auto
626,300,Sky Sports,rss,2026-08-12,interest,https://www.skysports.com/football/news/12691/13572395/enzo-fernandez-transfer-news-chelsea-set-man-city-deadline-to-bid-for-midfielder,Chelsea set Man City deadline to bid for Fernandez,auto
627,329,BBC Sport,rss,2026-08-13,interest,https://www.bbc.co.uk/sport/football/articles/c79g4q44zvro?at_medium=RSS&at_campaign=rss,Celtic want Chelsea's Emenalo on loan - gossip,auto
628,330,BBC Sport,rss,2026-08-12,talks,https://www.bbc.co.uk/sport/football/articles/cwy42p7r00zo?at_medium=RSS&at_campaign=rss,Galatasaray submit Martinelli bid - Thursday's gossip,auto
629,331,BBC Sport,rss,2026-08-12,official,https://www.bbc.co.uk/sport/football/articles/clyjp48lvp2o?at_medium=RSS&at_campaign=rss,Hull sign central defenders Mendy and Herrington,auto
630,332,BBC Sport,rss,2026-08-12,official,https://www.bbc.co.uk/sport/football/articles/cn8npx57499o?at_medium=RSS&at_campaign=rss,Lukaku seals 'emotional' move to Fenerbahce,auto
631,249,Sky Sports,rss,2026-08-13,denied,https://www.skysports.com/football/news/12691/13567985/rodri-transfer-news-man-city-reject-55m-bid-from-barcelona-for-world-cup-winning-midfielder,Man City reject fresh Barcelona bid for Rodri,auto
632,330,The Guardian,rss,2026-08-13,rumour_link,https://www.theguardian.com/football/2026/aug/13/football-transfer-rumour-mill-galatasaray-38m-arsenal-gabriel-martinelli,Football transfer rumours: Galatasaray to spend £38m on Arsenal’s Martinelli?,auto
633,216,BBC Sport,rss,2026-08-13,official,https://www.bbc.co.uk/sport/football/articles/ce85jy4rrz5o?at_medium=RSS&at_campaign=rss,Celtic sign midfielder Baur from Paderborn,auto
634,216,Sky Sports,rss,2026-08-13,official,https://www.skysports.com/football/news/12691/13566197/mika-baur-celtic-sign-germany-u21-midfielder-from-paderborn-on-initial-four-year-deal,Celtic sign midfielder Baur on an initial four-year deal,auto
635,300,The Guardian,rss,2026-08-13,interest,https://www.theguardian.com/football/2026/aug/13/manchester-city-barcelona-rodri-chelsea-enzo-fernandez,Chelsea set Friday deadline for Fernández suitors as City reject new £51m Barça bid for Rodri,auto
636,333,BBC Sport,rss,2026-08-13,here_we_go,https://www.bbc.co.uk/sport/football/articles/cy9w2749p89o?at_medium=RSS&at_campaign=rss,Unal completes move from Bournemouth to Getafe,auto
637,249,BBC Sport,rss,2026-08-13,denied,https://www.bbc.co.uk/sport/football/articles/c2dk2618pxgo?at_medium=RSS&at_campaign=rss,Man City reject fresh Rodri bid - Friday's gossip,auto
638,276,Sky Sports,rss,2026-08-12,talks,https://www.skysports.com/football/news/12691/13572744/arsenal-transfer-news-gunners-discuss-victor-osimhen-with-galatasaray-amid-gabriel-martinelli-and-ethan-nwaneri-talks-paper-talk,Papers: Arsenal hold talks over Osimhen with Galatasaray,auto
639,286,BBC Sport,rss,2026-08-13,agreement,https://www.bbc.co.uk/sport/football/articles/cp30xwkj4y3o?at_medium=RSS&at_campaign=rss,Man City's Reijnders set for £52m Saudi move,auto
640,325,BBC Sport,rss,2026-08-13,agreement,https://www.bbc.co.uk/sport/football/articles/c62e14e0227o?at_medium=RSS&at_campaign=rss,PSG agree deal in principle for Barcelona's Torres,auto
641,330,BBC Sport,rss,2026-08-13,interest,https://www.bbc.co.uk/sport/football/articles/cwy42yqwk30o?at_medium=RSS&at_campaign=rss,Arsenal invite offers for Martinelli and Nwaneri,auto
642,334,BBC Sport,rss,2026-08-13,talks,https://www.bbc.co.uk/sport/football/articles/cwyl368n7p3o?at_medium=RSS&at_campaign=rss,PSV winger Driouech at Ibrox before expected Rangers move,auto
643,335,BBC Sport,rss,2026-08-14,talks,https://www.bbc.co.uk/sport/football/articles/cp9epdvxdxno?at_medium=RSS&at_campaign=rss,Rangers make offer for striker Kelsy - gossip,auto
644,191,Sky Sports,rss,2026-08-14,agreement,https://www.skysports.com/football/news/12691/13572315/djed-spence-transfer-news-tottenham-and-inter-milan-agree-30m-deal-for-england-defender,Spurs agree £30m deal with Inter for Spence,auto
645,276,The Guardian,rss,2026-08-14,rumour_link,https://www.theguardian.com/football/2026/aug/14/football-transfer-rumours-arsenal-osimhen-exchange-deal-newcastle-baleba-bid,Football transfer rumours: Arsenal offered Osimhen in exchange deal? Newcastle to make Baleba bid?,auto
646,336,BBC Sport,rss,2026-08-14,interest,https://www.bbc.co.uk/sport/football/articles/c9q92xr0854o?at_medium=RSS&at_campaign=rss,Arsenal express interest in signing  Quansah,auto
647,336,Sky Sports,rss,2026-08-14,talks,https://www.skysports.com/football/news/12691/13572821/jarell-quansah-arsenal-in-talks-with-bayer-leverkusen-over-signing-england-and-former-liverpool-defender,Arsenal in talks with Leverkusen over Quansah,auto
648,336,The Guardian,rss,2026-08-14,talks,https://www.theguardian.com/football/2026/aug/14/arsenal-bayer-leverkusen-jarell-quansah-transfer-talks,Arsenal open talks with Bayer Leverkusen over deal for Jarell Quansah,auto
649,337,BBC Sport,rss,2026-08-14,official,https://www.bbc.co.uk/sport/football/articles/cqlx1023wd3o?at_medium=RSS&at_campaign=rss,Liverpool's Lundgaard joins Eintracht Frankfurt,auto
650,264,BBC Sport,rss,2026-08-14,medical,https://www.bbc.co.uk/sport/football/articles/cgjexdypjqyo?at_medium=RSS&at_campaign=rss,Celtic's Engels poised for West Ham transfer,auto
651,300,BBC Sport,rss,2026-08-14,denied,https://www.bbc.co.uk/sport/football/articles/c7vgyrl2573o?at_medium=RSS&at_campaign=rss,Chelsea say no Fernandez move as deadline passes - but is it really over?,auto
652,300,Sky Sports,rss,2026-08-14,denied,https://www.skysports.com/football/news/12691/13572838/enzo-fernandez-transfer-news-man-city-miss-chelseas-deadline-to-bid-for-midfielder,Man City miss Chelsea's deadline to bid for Fernandez,auto
653,239,Sky Sports,rss,2026-08-14,agreement,https://www.skysports.com/football/news/12691/13572603/cristian-romero-spurs-captain-announces-exit-ahead-of-atletico-madrid-transfer-as-he-makes-statement-on-instagram,Romero announces Spurs exit ahead of Atletico transfer,auto
654,338,BBC Sport,rss,2026-08-15,official,https://www.bbc.co.uk/sport/football/articles/cj9dpvwl1nmo?at_medium=RSS&at_campaign=rss,'This is the right one' - Rohl on leaving Rangers for Salzburg,auto
655,339,BBC Sport,rss,2026-08-14,official,https://www.bbc.co.uk/sport/football/articles/c1w1y95305no?at_medium=RSS&at_campaign=rss,Burnley sign Chelsea's Satpayev on loan,auto
656,340,BBC Sport,rss,2026-08-14,interest,https://www.bbc.co.uk/sport/football/articles/c80n2g2x0g7o?at_medium=RSS&at_campaign=rss,Arsenal lead Hinshelwood race - Saturday's gossip,auto
657,239,Sky Sports,rss,2026-08-15,here_we_go,https://www.skysports.com/football/news/12691/13573213/cristian-romero-tottenham-captain-completes-move-to-atletico-madrid,Romero completes £34m Atletico Madrid transfer,auto
658,325,BBC Sport,rss,2026-08-15,official,https://www.bbc.co.uk/sport/football/articles/c20jyxjl8yko?at_medium=RSS&at_campaign=rss,PSG sign World Cup winner Torres from Barcelona,auto
659,325,Sky Sports,rss,2026-08-15,here_we_go,https://www.skysports.com/football/news/12691/13573232/ferran-torres-psg-sign-world-cup-final-hero-from-barcelona-for-42-7m,PSG sign World Cup final hero Torres from Barcelona,auto
660,325,The Guardian,rss,2026-08-15,official,https://www.theguardian.com/football/2026/aug/15/psg-ferran-torres-barcelona-transfer-window,Paris Saint-Germain sign Ferran Torres from Barcelona in €50m deal,auto
661,341,BBC Sport,rss,2026-08-15,official,https://www.bbc.co.uk/sport/football/articles/clyqrd749d5o?at_medium=RSS&at_campaign=rss,Palace sign Khalaili from Union Saint-Gilloise,auto
662,342,BBC Sport,rss,2026-08-15,agreement,https://www.bbc.co.uk/sport/football/articles/cd69e18glyvo?at_medium=RSS&at_campaign=rss,Cardiff secure return of Liverpool loanee Scanlon,auto
663,343,BBC Sport,rss,2026-08-15,advanced,https://www.bbc.co.uk/sport/football/articles/c70gg3dp61lo?at_medium=RSS&at_campaign=rss,Newcastle progressing with move for Benfica defender Dedic,auto
664,344,BBC Sport,rss,2026-08-15,here_we_go,https://www.bbc.co.uk/sport/football/articles/cvg8qgg7qg1o?at_medium=RSS&at_campaign=rss,Hull sign Gelhardt and Gourna-Douath,auto
665,345,BBC Sport,rss,2026-08-15,official,https://www.bbc.co.uk/sport/football/articles/c75gxqnwqz6o?at_medium=RSS&at_campaign=rss,'A bit surreal' - Penrice joins Rangers from AEK Athens on loan,auto
666,191,BBC Sport,rss,2026-08-15,official,https://www.bbc.co.uk/sport/football/articles/cz64vg6znz1o?at_medium=RSS&at_campaign=rss,Inter sign England full-back Spence from Tottenham,auto
667,191,Sky Sports,rss,2026-08-15,here_we_go,https://www.skysports.com/football/news/12691/13573504/djed-spence-transfer-news-tottenham-defender-completes-30m-inter-milan-move,Spence completes £30m Inter move from Spurs,auto
668,250,BBC Sport,rss,2026-08-15,agreement,https://www.bbc.co.uk/sport/football/articles/c934488gjyzo?at_medium=RSS&at_campaign=rss,Sunderland agree £25.6m fee for defender Methalie,auto
669,264,BBC Sport,rss,2026-08-15,here_we_go,https://www.bbc.co.uk/sport/football/articles/c77ggr5nk7jo?at_medium=RSS&at_campaign=rss,West Ham break EFL record to sign Engels for £22m,auto
670,346,BBC Sport,rss,2026-08-15,talks,https://www.bbc.co.uk/sport/football/articles/cnvnndmz4reo?at_medium=RSS&at_campaign=rss,Villa begin Suzuki talks - Sunday's gossip,auto
671,343,Sky Sports,rss,2026-08-16,agreement,https://www.skysports.com/football/news/12691/13573640/newcastle-transfer-news-club-agree-deal-to-sign-defender-amar-dedic-from-benfica,Newcastle agree deal to sign Dedic from Benfica,auto
672,346,BBC Sport,rss,2026-08-16,advanced,https://www.bbc.co.uk/sport/football/articles/ckg44n858qvo?at_medium=RSS&at_campaign=rss,Villa close in on Suzuki with Martinez future in doubt,auto
673,346,Sky in Italy,rss,2026-08-16,agreement,https://www.skysports.com/football/news/12691/13573666/aston-villa-transfer-news-zion-suzuki-lined-up-as-juventus-linked-emiliano-martinez-replacement-after-29-9m-deal-agreed-with-parma,Villa agree deal to sign goalkeeper Suzuki as Juve make Martinez bid,auto
674,347,BBC Sport,rss,2026-08-16,agreement,https://www.bbc.co.uk/sport/football/articles/c2lqqr15p2yo?at_medium=RSS&at_campaign=rss,Elvedi set for Leeds move as £8.5m fee agreed,auto
675,348,BBC Sport,rss,2026-08-16,agreement,https://www.bbc.co.uk/sport/football/articles/cvgjjr90l0lo?at_medium=RSS&at_campaign=rss,Coventry agree deal for Forest striker Awoniyi,auto
676,187,BBC Sport,rss,2026-08-16,interest,https://www.bbc.co.uk/sport/football/articles/cwyee2rl9yjo?at_medium=RSS&at_campaign=rss,Norwich struggles to assist king - Tzolis could be Arsenal gem,auto
677,223,BBC Sport,rss,2026-08-16,agreement,https://www.bbc.co.uk/sport/football/articles/cy0jj65r18yo?at_medium=RSS&at_campaign=rss,Barcelona agree £65m Rodri deal - who could replace him at Man City?,auto
678,223,The Guardian,rss,2026-08-16,agreement,https://www.theguardian.com/football/2026/aug/16/rodri-set-to-complete-barcelona-move-after-manchester-city-accept-654m-bid,Rodri set to complete Barcelona move after Manchester City accept £65.4m bid,auto
679,249,Sky Sports,rss,2026-08-13,agreement,https://www.skysports.com/football/news/12691/13572836/rodri-transfer-news-man-city-accept-bid-from-barcelona-for-world-cup-winning-midfielder-and-former-ballon-dor-holder,Man City and Barcelona agree fee for Rodri,auto
680,349,The Guardian,rss,2026-08-17,rumour_link,https://www.theguardian.com/football/2026/aug/17/football-transfer-rumours-manchester-city-to-move-for-alexis-mac-allister,Football transfer rumours: Manchester City to move for Alexis Mac Allister?,auto
681,350,BBC Sport,rss,2026-08-17,agreement,https://www.bbc.co.uk/sport/football/articles/cgk451r4z76o?at_medium=RSS&at_campaign=rss,Spurs' Vicario set to join Juventus on loan,auto
682,350,Sky Sports,rss,2026-08-17,agreement,https://www.skysports.com/football/news/12691/13573938/guglielmo-vicario-transfer-news-juventus-agree-deal-to-sign-spurs-goalkeeper-on-loan-as-emi-martinez-alternative,Juventus agree deal to sign Vicario after cooling Martinez interest,auto
683,350,The Guardian,rss,2026-08-17,agreement,https://www.theguardian.com/football/2026/aug/17/tottenham-guglielmo-vicario-spurs-juventus-loan-deal-transfer-window,Tottenham goalkeeper Guglielmo Vicario to leave for Juventus in loan deal,auto
684,351,BBC Sport,rss,2026-08-17,interest,https://www.bbc.co.uk/sport/football/articles/c4gkk7r2r4yo?at_medium=RSS&at_campaign=rss,Juventus step up Vicario talks - Monday's gossip,auto
685,326,BBC Sport,rss,2026-08-17,here_we_go,https://www.bbc.co.uk/sport/football/articles/cwymzjwypezo?at_medium=RSS&at_campaign=rss,Ipswich sign Strasbourg duo Enciso & Ouattara,auto
686,352,BBC Sport,rss,2026-08-17,denied,https://www.bbc.co.uk/sport/football/articles/cevmwdjv7vmo?at_medium=RSS&at_campaign=rss,Brighton reject £7.5m bid from Rangers for Cozier-Duberry,auto
687,353,BBC Sport,rss,2026-08-17,denied,https://www.bbc.co.uk/sport/football/articles/clyj7rn31dpo?at_medium=RSS&at_campaign=rss,Man Utd will reject any bid for Fernandes,auto
688,353,Sky Sports,rss,2026-08-17,interest,https://www.skysports.com/football/news/12691/13574095/bruno-fernandes-transfer-news-manchester-united-captain-not-for-sale-at-any-price-despite-galatasaray-interest,Man Utd captain Fernandes not for sale despite Galatasaray interest,auto
689,354,BBC Sport,rss,2026-08-17,denied,https://www.bbc.co.uk/sport/football/articles/c5yvdwkr710o?at_medium=RSS&at_campaign=rss,"Martinez in limbo, with Villa future uncertain",auto
690,249,BBC Sport,rss,2026-08-17,here_we_go,https://www.bbc.co.uk/sport/football/articles/cevmw02j4nyo?at_medium=RSS&at_campaign=rss,Rodri lands in Barcelona to complete 'dream' move,auto
691,300,BBC Sport,rss,2026-08-17,rumour_link,https://www.bbc.co.uk/sport/football/articles/cz64z1dxn7xo?at_medium=RSS&at_campaign=rss,Fernandez will cost Man City more than £120m - Tuesday's gossip,auto
692,355,BBC Sport,rss,2026-08-18,denied,https://www.bbc.co.uk/sport/football/articles/c9q9r0jpzlro?at_medium=RSS&at_campaign=rss,Hatate rejects Celtic exit options - gossip,auto
693,356,BBC Sport,rss,2026-08-17,talks,https://www.bbc.co.uk/sport/football/articles/cly5egxez48o?at_medium=RSS&at_campaign=rss,West Brom in talks over permanent Collyer return,auto
694,51,The Guardian,rss,2026-08-18,interest,https://www.theguardian.com/football/2026/aug/18/football-transfer-rumour-mill-atletico-madrid-julian-alvarez-arsenal-barcelona,Football transfer rumours: Atlético want Alvarez to join Arsenal over Barça?,auto
695,343,BBC Sport,rss,2026-08-18,here_we_go,https://www.bbc.co.uk/sport/football/articles/czekzxd09zlo?at_medium=RSS&at_campaign=rss,Newcastle complete £30m move for Benfica's Dedic,auto
696,343,Sky Sports,rss,2026-08-18,official,https://www.skysports.com/football/news/12691/13574258/newcastle-transfer-news-amar-dedic-completes-29-5m-move-to-st-james-park-from-benfica,Newcastle sign Dedic from Benfica,auto
697,343,The Guardian,rss,2026-08-18,here_we_go,https://www.theguardian.com/football/2026/aug/18/newcastle-sign-amar-dedic-benfica-transfer-window,‘Really happy’ Amar Dedic completes £29.5m move from Benfica to Newcastle,auto
698,357,BBC Sport,rss,2026-08-18,here_we_go,https://www.bbc.co.uk/sport/football/articles/c5y479ez74zo?at_medium=RSS&at_campaign=rss,Middleton-Patel joins Watford on loan from Man Utd,auto
699,350,Sky Sports,rss,2026-08-18,official,https://www.skysports.com/football/news/12691/13574407/guglielmo-vicario-transfer-news-juventus-sign-spurs-goalkeeper-on-loan-as-emi-martinez-alternative,Juventus sign Vicario on loan from Spurs after deciding against Martinez move,auto
700,117,BBC Sport,rss,2026-08-18,talks,https://www.bbc.co.uk/sport/football/articles/c70gdd61kk4o?at_medium=RSS&at_campaign=rss,Al Hilal target England's Kane - Wednesday's gossip,auto
701,249,Sky Sports,rss,2026-08-18,official,https://www.skysports.com/football/news/12691/13574286/rodri-transfer-news-barcelona-complete-65-4m-signing-of-spain-midfielder-from-man-city,Rodri completes Barcelona move as Man City pursue replacement,auto
702,249,The Guardian,rss,2026-08-18,here_we_go,https://www.theguardian.com/football/2026/aug/18/barcelona-snatch-rodri-from-madrid-and-make-him-new-busquets,Barcelona steal Rodri away from Real Madrid and plan to make him new Busquets,auto
703,290,BBC Sport,rss,2026-08-18,here_we_go,https://www.bbc.co.uk/sport/football/articles/cpq80q88dyqo?at_medium=RSS&at_campaign=rss,Palace sign United States prospect Gozo,auto
704,358,BBC Sport,rss,2026-08-18,agreement,https://www.bbc.co.uk/sport/football/articles/cgr7vvpkw0eo?at_medium=RSS&at_campaign=rss,Aston Villa agree deal for West Ham's Wan-Bissaka,auto
705,359,BBC Sport,rss,2026-08-18,interest,https://www.bbc.co.uk/sport/football/articles/c5ywee6y2qlo?at_medium=RSS&at_campaign=rss,Hull City interested in Japan winger Nakamura,auto
706,360,BBC Sport,rss,2026-08-18,agreement,https://www.bbc.co.uk/sport/football/articles/c30450z6pmmo?at_medium=RSS&at_campaign=rss,Brighton sign Canada striker David on loan,auto
707,361,BBC Sport,rss,2026-08-18,advanced,https://www.bbc.co.uk/sport/football/articles/c935vrgrn0vo?at_medium=RSS&at_campaign=rss,Irish striker Parrott on brink of Real Betis move,auto
708,117,The Guardian,rss,2026-08-19,talks,https://www.theguardian.com/football/2026/aug/19/football-transfer-rumours-al-hilal-eye-moves-for-harry-kane-and-ollie-watkins,Football transfer rumours: Al-Hilal eye moves for Harry Kane and Ollie Watkins?,auto
709,198,BBC Sport,rss,2026-08-19,talks,https://www.bbc.co.uk/sport/football/articles/c98vz9jvg0vo?at_medium=RSS&at_campaign=rss,Arsenal pushing on with deal to sign Villa's Konsa,auto
710,198,Sky Sports,rss,2026-08-19,advanced,https://www.skysports.com/football/news/12691/13574665/ezri-konsa-transfer-news-arsenal-in-advanced-talks-to-sign-aston-villa-and-england-defender,Arsenal in advanced talks to sign Villa's Konsa,auto
711,201,Sky Sports,rss,2026-08-19,interest,https://www.skysports.com/football/news/12691/13574668/tottenham-transfer-news-spurs-considering-cody-gakpo-savinho-omar-marmoush-and-pedro-neto-in-search-for-three-new-forwards,"Savinho, Gakpo, Neto, Marmoush! Spurs in market to sign THREE new forwards",auto
712,346,BBC Sport,rss,2026-08-19,official,https://www.bbc.co.uk/sport/football/articles/c7vg4962yp9o?at_medium=RSS&at_campaign=rss,Villa sign goalkeeper Suzuki and left-back Ruggeri,auto
713,347,BBC Sport,rss,2026-08-19,here_we_go,https://www.bbc.co.uk/sport/football/articles/ckgd5732mexo?at_medium=RSS&at_campaign=rss,Leeds sign Elvedi from Borussia Monchengladbach,auto
714,362,BBC Sport,rss,2026-08-19,advanced,https://www.bbc.co.uk/sport/football/articles/c2k7ev41nnvo?at_medium=RSS&at_campaign=rss,Man Utd close on deal for Brighton's Baleba,auto
715,362,Sky Sports,rss,2026-08-19,advanced,https://www.skysports.com/football/news/12691/13574619/carlos-baleba-transfer-manchester-united-close-to-full-agreement-with-brighton-for-cameroon-midfielder,Man Utd close to full agreement with Brighton for Baleba,auto
716,363,BBC Sport,rss,2026-08-19,interest,https://www.bbc.co.uk/sport/football/articles/c4gd1r1nel2o?at_medium=RSS&at_campaign=rss,Arsenal preference is for Nwaneri to leave on loan,auto
717,364,BBC Sport,rss,2026-08-19,official,https://www.bbc.co.uk/sport/football/articles/c4gvj23rexvo?at_medium=RSS&at_campaign=rss,Northern Ireland keeper Burns on plans for life after football,auto
718,365,BBC Sport,rss,2026-08-19,here_we_go,https://www.bbc.co.uk/sport/football/articles/cx2mz3j402zo?at_medium=RSS&at_campaign=rss,Nedeljkovic joins Rangers from Aston Villa,auto
719,365,Sky Sports,rss,2026-08-19,official,https://www.skysports.com/football/news/12691/13574334/kosta-nedeljkovic-rangers-sign-aston-villa-right-back-on-loan-with-4m-obligation-to-buy-serbia-international,Rangers sign Nedeljkovic from Aston Villa,auto
720,366,Sky Sports,rss,2026-08-19,talks,https://www.skysports.com/football/news/12691/13574587/ollie-watkins-transfer-aston-villa-in-talks-with-saudi-club-al-hilal-over-england-striker,Watkins keen on move to Al Hilal as talks ongoing with Villa,auto
721,366,The Guardian,rss,2026-08-19,interest,https://www.theguardian.com/football/2026/aug/19/aston-villa-al-hilal-ollie-watkins,Aston Villa expect another bid from Al Hilal for Ollie Watkins,auto
722,117,The Guardian,rss,2026-08-19,rumour_link,https://www.theguardian.com/football/2026/aug/19/sensible-soccer-clubs-signing-players-transfers-football-daily,Football Daily | Sensible soccer: are football clubs actually signing the players they need?,auto
723,198,Sky Sports,rss,2026-08-19,agreement,https://www.skysports.com/football/news/12691/13574724/ezri-konsa-transfer-news-arsenal-agree-deal-with-aston-villa-to-sign-england-defender,Arsenal agree £51m deal to sign Aston Villa's Konsa,auto
724,249,The Guardian,rss,2026-08-19,official,https://www.theguardian.com/football/2026/aug/19/jose-mourinho-real-madrid-rodri-barcelona-transfer-offer,‘He doubted’: Mourinho says Real Madrid did not want Rodri after hesitation over move,auto
725,286,BBC Sport,rss,2026-08-19,here_we_go,https://www.bbc.co.uk/sport/football/articles/c0m7el3zr2eo?at_medium=RSS&at_campaign=rss,Reijnders leaves Man City for Al-Qadsiah in £52m deal,auto
726,362,BBC Sport,rss,2026-08-19,talks,https://www.bbc.co.uk/sport/football/articles/clylk1wexgno?at_medium=RSS&at_campaign=rss,Man Utd's decision to make Baleba their 'third midfielder',auto
727,362,The Guardian,rss,2026-08-19,agreement,https://www.theguardian.com/football/2026/aug/19/manchester-united-brighton-carlos-baleba,Manchester United make £65m offer for Brighton’s Carlos Baleba,auto
728,367,BBC Sport,rss,2026-08-19,official,https://www.bbc.co.uk/sport/football/articles/cx2v3721ykjo?at_medium=RSS&at_campaign=rss,Coventry sign teenage Fenerbahce forward Cherif,auto
729,43,BBC Sport,rss,2026-08-19,advanced,https://www.bbc.co.uk/sport/football/articles/clye43vge5jo?at_medium=RSS&at_campaign=rss,Inter close in on £30m deal for Liverpool's Jones,auto
730,201,Sky Sports,rss,2026-08-19,talks,https://www.skysports.com/football/news/12691/13574823/tottenham-transfer-news-spurs-target-man-city-duo-savinho-and-marmoush-as-search-for-three-new-forwards-gathers-pace,Spurs in talks over Man City pair Savinho and Marmoush,auto
731,230,The Guardian,rss,2026-08-19,interest,https://www.theguardian.com/football/2026/aug/19/manchester-city-target-romas-manu-kone-as-spurs-talk-over-savinho-and-marmoush-deal,Manchester City target Roma’s Manu Koné as Spurs talk over Savinho and Marmoush deal,auto
732,43,Sky Sports,rss,2026-08-20,agreement,https://www.skysports.com/football/news/12691/13574174/curtis-jones-transfer-news-inter-milan-agree-30m-deal-to-sign-liverpool-midfielder,Inter Milan agree £30m deal for Liverpool's Jones,auto
733,201,BBC Sport,rss,2026-08-20,talks,https://www.bbc.co.uk/sport/football/articles/cz645z0w3ypo?at_medium=RSS&at_campaign=rss,Spurs in talks to sign Man City's Savinho and Marmoush,auto
734,368,The Guardian,rss,2026-08-20,rumour_link,https://www.theguardian.com/football/2026/aug/20/football-transfer-rumours-newcastle-nico-gonzalez-manchester-united-aston-villa,Football transfer rumours: Newcastle to sign Manchester City’s Nico González?,auto
735,300,The Guardian,rss,2026-08-20,rumour_link,https://www.theguardian.com/football/2026/aug/20/enzo-fernandez-chelsea-xabi-alonso-manchester-city-transfer,"‘Enzo is a Chelsea player,’ says Alonso but doesn’t guarantee Fernández’s future",auto
736,369,BBC Sport,rss,2026-08-20,here_we_go,https://www.bbc.co.uk/sport/football/articles/c20j30vnxkmo?at_medium=RSS&at_campaign=rss,Cancelo makes 'dream' Barca move after Al-Hilal exit,auto
737,370,BBC Sport,rss,2026-08-20,interest,https://www.bbc.co.uk/sport/football/articles/c4gknq7d8d5o?at_medium=RSS&at_campaign=rss,Liverpool interested in Brighton winger Minteh,auto
738,201,BBC Sport,rss,2026-08-21,agreement,https://www.bbc.co.uk/sport/football/articles/cwyl0r8g4lwo?at_medium=RSS&at_campaign=rss,Spurs agree £75m deal to sign Man City's Savinho,auto
739,370,The Guardian,rss,2026-08-20,denied,https://www.theguardian.com/football/2026/aug/20/liverpool-see-50m-bid-for-yankuba-minteh-rejected-by-brighton,Liverpool see £50m bid for Yankuba Minteh rejected by Brighton,auto
740,371,Sky Sports,rss,2026-08-20,interest,https://www.skysports.com/football/news/12691/13575203/arsenal-transfer-news-gabriel-jesus-of-interest-to-everton-and-ipswich-as-gunners-consider-eli-junior-kroupi-move-paper-talk,Papers: Two PL clubs interested in Arsenal's Jesus,auto
741,372,BBC Sport,rss,2026-08-20,interest,https://www.bbc.co.uk/sport/football/articles/czxqvllyg72o?at_medium=RSS&at_campaign=rss,Arsenal exploring Yildiz move - Friday's gossip,auto
742,373,BBC Sport,rss,2026-08-21,talks,https://www.bbc.co.uk/sport/football/articles/cr49yypz01eo?at_medium=RSS&at_campaign=rss,Would Marmoush joining Tottenham be a masterstroke or risk?,auto
743,374,BBC Sport,rss,2026-08-20,official,https://www.bbc.co.uk/sport/football/articles/c2lq5dk0gneo?at_medium=RSS&at_campaign=rss,Ronaldinho seeks 300th goal with comeback aged 46,auto
744,375,BBC Sport,rss,2026-08-20,denied,https://www.bbc.co.uk/sport/football/articles/cx27w8kv9lvo?at_medium=RSS&at_campaign=rss,Villa £18m bid for Harwood-Bellis rejected by Southampton,auto
745,198,Sky Sports,rss,2026-08-21,here_we_go,https://www.skysports.com/football/news/12691/13574990/ezri-konsa-arsenal-complete-51m-deal-for-aston-villa-and-england-defender,Arsenal complete £51m Konsa deal,auto
746,201,Sky Sports,rss,2026-08-21,agreement,https://www.skysports.com/football/news/12691/13575264/savinho-transfer-spurs-agree-85m-deal-to-sign-brazi-forward-from-manchester-city,Spurs agree £85m deal to sign Savinho from Man City,auto
747,201,The Guardian,rss,2026-08-21,advanced,https://www.theguardian.com/football/2026/aug/21/tottenham-hotspur-close-on-deals-for-manchester-city-savinho-omar-marmoush,Tottenham close on deals for Manchester City’s Savinho and Omar Marmoush,auto
748,372,The Guardian,rss,2026-08-21,interest,https://www.theguardian.com/football/2026/aug/21/football-transfer-rumours-endrick-to-liverpool-arsenal-to-swap-martinelli-for-yildiz,Football transfer rumours: Endrick to Liverpool? Arsenal to swap Martinelli for Yildiz?,auto
749,198,BBC Sport,rss,2026-08-21,official,https://www.bbc.co.uk/sport/football/articles/ckg97jpkkego?at_medium=RSS&at_campaign=rss,'Hungry to win' - Villa's Konsa joins Arsenal in £55m deal,auto
750,319,BBC Sport,rss,2026-08-21,denied,https://www.bbc.co.uk/sport/football/articles/c4gjv4xq2l8o?at_medium=RSS&at_campaign=rss,Chelsea reject initial Leeds loan bid for Mudryk,auto
751,366,Unai Emery,rss,2026-08-21,rumour_link,https://www.bbc.co.uk/sport/football/articles/c9v4wj07e8eo?at_medium=RSS&at_campaign=rss,Watkins could leave Villa before transfer deadline - Emery,auto
752,376,The Guardian,rss,2026-08-21,agreement,https://www.theguardian.com/football/2026/aug/21/crystal-palace-axel-disasi-loan-chelsea-manchester-city-adam-wharton-transfer-window-premier-league,Crystal Palace agree Disasi loan and tell Manchester City that Wharton is not for sale,auto
753,377,Sky Sports,rss,2026-08-21,interest,https://www.skysports.com/football/news/12691/13575424/aston-villa-transfer-news-unai-emerys-side-expected-to-make-nicolas-jackson-approach-if-ollie-watkins-sold-to-al-hilal,Villa expected to make Jackson move if Watkins sold to Al Hilal,auto
754,378,BBC Sport,rss,2026-08-21,official,https://www.bbc.co.uk/sport/football/articles/cwyq4vyxzxwo?at_medium=RSS&at_campaign=rss,Partey signs for Al-Shabab in Saudi Pro League,auto
755,43,BBC Sport,rss,2026-08-21,here_we_go,https://www.bbc.co.uk/sport/football/articles/czdm9pjd0ero?at_medium=RSS&at_campaign=rss,Inter complete £30m deal for Liverpool's Jones,auto
756,43,Sky Sports,rss,2026-08-21,official,https://www.skysports.com/football/news/12691/13575215/curtis-jones-transfer-news-inter-milan-sign-midfielder-from-liverpool-in-30m-deal-with-sell-on-clause-included,Inter Milan sign Jones from Liverpool,auto
757,51,Gary Neville,rss,2026-08-21,interest,https://www.skysports.com/football/news/12691/13575645/arsenal-transfer-news-julian-alvarez-would-add-magic-to-gunners-frontline-says-gary-neville-as-he-urges-them-to-sign-atletico-madrid-striker,'A massive 10 days' - Neville tells Arsenal to get Alvarez before deadline,auto
758,269,BBC Sport,rss,2026-08-21,here_we_go,https://www.bbc.co.uk/sport/football/videos/cx2reg4knn5o?at_medium=RSS&at_campaign=rss,Mohamed Salah: Inside his move to Trabzonspor,auto
759,370,Sky Sports,rss,2026-08-21,denied,https://www.skysports.com/football/news/12691/13575558/yankuba-minteh-transfer-news-brighton-reject-liverpool-bid-of-60m-for-winger,Brighton reject £60m Liverpool bid for Minteh,auto
760,379,BBC Sport,rss,2026-08-22,advanced,https://www.bbc.co.uk/sport/football/articles/cnvnvjer47mo?at_medium=RSS&at_campaign=rss,Villa close to signing Germany midfielder Goretzka,auto
761,249,Enzo Maresca,rss,2026-08-22,here_we_go,https://www.bbc.co.uk/sport/football/articles/cd9w1zkw7x8o?at_medium=RSS&at_campaign=rss,Man City will 'try to find the new Rodri' - Maresca,auto
762,169,BBC Sport,rss,2026-08-23,agreement,https://www.bbc.co.uk/sport/football/articles/cwylg0kp5lwo?at_medium=RSS&at_campaign=rss,The maths whizz turned £86m teenage star heading to Man City,auto
763,169,Sky Sports,rss,2026-08-23,agreement,https://www.skysports.com/football/news/12691/13576242/ayyoub-bouaddi-transfer-manchester-city-reach-agreement-with-lille-to-sign-18-year-old-morocco-midfielder,Man City agree record-breaking deal with Lille to sign Bouaddi,auto
764,169,The Guardian,rss,2026-08-23,agreement,https://www.theguardian.com/football/2026/aug/23/manchester-city-agree-deal-lille-ayyoub-bouaddi-transfer,Manchester City agree deal worth up to €100m for Lille’s Ayyoub Bouaddi,auto
765,366,Sky Sports,rss,2026-08-23,interest,https://www.skysports.com/football/news/12691/13576353/ollie-watkins-transfer-news-aston-villa-boss-unai-emery-gives-cryptic-answer-when-asked-about-striker-amid-al-hilal-interest,'Ask him' - Emery cryptic on Watkins amid transfer interest,auto
766,380,BBC Sport,rss,2026-08-23,agreement,https://www.bbc.co.uk/sport/football/articles/ce343p742v9o?at_medium=RSS&at_campaign=rss,Manchester Utd midfielder Devaney joins Hibs on loan,auto
767,366,Match of the Day,rss,2026-08-23,rumour_link,https://www.bbc.co.uk/sport/football/videos/cwy4y5k4kg4o?at_medium=RSS&at_campaign=rss,'It would appear he's no longer wanting to play for Aston Villa' - does Watkins want out?,auto
768,51,Sid Lowe,rss,2026-08-24,interest,https://www.theguardian.com/football/2026/aug/24/julian-alvarez-walks-alone-at-atletico-madrid-barcelona-transfer-saga-la-liga,Julián Alvarez walks alone at Atlético in transfer saga with no end – and no winners | Sid Lowe,auto
769,366,BBC Sport,rss,2026-08-24,interest,https://www.bbc.co.uk/sport/football/articles/cq63ry9q6jzo?at_medium=RSS&at_campaign=rss,Watkins' departure would cut deepest - and Villa did not see it coming,auto
770,381,BBC Sport,rss,2026-08-24,official,https://www.bbc.co.uk/sport/football/articles/cx2ze3dz4jro?at_medium=RSS&at_campaign=rss,Sunderland sign Ahoka from Royal Antwerp,auto
771,382,BBC Sport,rss,2026-08-24,medical,https://www.bbc.co.uk/sport/football/articles/crr4ldl1wp0o?at_medium=RSS&at_campaign=rss,Girona winger Kim to undergo Rangers medical,auto
772,265,BBC Sport,rss,2026-08-24,talks,https://www.bbc.co.uk/sport/football/articles/c8xkl50ylweo?at_medium=RSS&at_campaign=rss,Forest working on deal for Chelsea striker Delap,auto
773,265,The Guardian,rss,2026-08-24,advanced,https://www.theguardian.com/football/2026/aug/24/nottingham-forest-liam-delap-chelsea-tranfer-window,Nottingham Forest close in on signing Liam Delap from Chelsea,auto
774,330,Sky Sports,rss,2026-08-23,talks,https://www.skysports.com/football/news/12691/13576278/gabriel-martinelli-transfer-news-al-hilal-and-arsenal-make-progress-on-deal-for-brazilian-winger,Arsenal and Al Hilal make progress on Martinelli deal,auto
775,383,BBC Sport,rss,2026-08-24,agreement,https://www.bbc.co.uk/sport/football/articles/cpveylz0n8go?at_medium=RSS&at_campaign=rss,Man City agree deal for Palmeiras winger Allan,auto
776,383,The Guardian,rss,2026-08-24,agreement,https://www.theguardian.com/football/2026/aug/24/manchester-city-agree-34m-deal-for-allan-elias-as-nico-gonzalez-nears-newcastle-move,Manchester City agree £34m deal for Allan Elias as Nico González nears Newcastle move,auto
777,384,BBC Sport,rss,2026-08-24,talks,https://www.bbc.co.uk/sport/football/articles/c0469r217q5o?at_medium=RSS&at_campaign=rss,Villa in talks with Club Brugge for defender Ordonez,auto
778,201,BBC Sport,rss,2026-08-25,here_we_go,https://www.bbc.co.uk/sport/football/articles/cy7z637nj8jo?at_medium=RSS&at_campaign=rss,Tottenham sign Savinho from Man City for £75m,auto
779,201,The Guardian,rss,2026-08-25,here_we_go,https://www.theguardian.com/football/2026/aug/25/savinho-completes-spurs-move-manchester-city-changes-name-to-savio,Savinho seals £75m Spurs move from Manchester City – and changes name to Sávio,auto
780,385,Sky Sports,rss,2026-08-25,interest,https://www.skysports.com/football/news/12691/13576879/rafael-leao-transfer-news-aston-villa-make-approach-to-sign-portugal-forward-who-is-open-to-leaving-ac-milan,Villa make contact for Mateta and approach AC Milan for Leao,auto
781,386,Sky Sports,rss,2026-08-25,official,https://www.skysports.com/football/news/12691/13575398/savio-transfer-news-tottenham-sign-winger-from-manchester-city-in-85m-deal,Savinho changes name to Savio as he joins Spurs for £85m,auto
782,362,BBC Sport,rss,2026-08-25,here_we_go,https://www.bbc.co.uk/sport/football/articles/c1mv0rxpd1no?at_medium=RSS&at_campaign=rss,Baleba completes £70m Man Utd move from Brighton,auto
783,362,Sky Sports,rss,2026-08-25,official,https://www.skysports.com/football/news/12691/13575283/carlos-baleba-transfer-manchester-united-complete-signing-of-cameroon-midfielder-from-brighton,Man Utd complete Baleba signing,auto
784,362,The Guardian,rss,2026-08-25,official,https://www.theguardian.com/football/2026/aug/25/manchester-united-sign-carlos-baleba-brighton,Manchester United confirm Carlos Baleba signing as midfield spend nears £150m,auto
785,387,BBC Sport,rss,2026-08-25,denied,https://www.bbc.co.uk/sport/football/articles/cvgy42l2v5go?at_medium=RSS&at_campaign=rss,£1.5m-rated Abdulmalik asks to leave Boreham Wood,auto
786,51,Sky Sports,rss,2026-08-25,rumour_link,https://www.skysports.com/football/news/12691/13576975/julian-alvarez-transfer-latest-atletico-standing-firm-on-barcelona-as-arsenal-become-only-get-out-for-argentine-striker,Alvarez left with two options: Atletico or Arsenal,auto
787,265,BBC Sport,rss,2026-08-25,agreement,https://www.bbc.co.uk/sport/football/articles/c4g5zg526gdo?at_medium=RSS&at_campaign=rss,Forest agree £50m deal for Chelsea striker Delap,auto
788,265,Sky Sports,rss,2026-08-25,agreement,https://www.skysports.com/football/news/12691/13577090/liam-delap-transfer-nottingham-forest-agree-club-record-deal-to-sign-chelsea-striker,Forest agree club-record deal for Chelsea's Delap,auto
789,265,The Guardian,rss,2026-08-25,agreement,https://www.theguardian.com/football/2026/aug/25/liam-delap-nottingham-forest-chelsea-nicholas-jackson-aston-villa-transfer-window,Delap heads to Forest for £50m as Chelsea open talks to sell Jackson to Aston Villa,auto
790,385,BBC Sport,rss,2026-08-25,interest,https://www.bbc.co.uk/sport/football/articles/ce8e0l7prg6o?at_medium=RSS&at_campaign=rss,Villa make offer for Mateta - Wednesday's gossip,auto
791,169,BBC Sport,rss,2026-08-26,here_we_go,https://www.bbc.co.uk/sport/football/articles/c8d3jej2lqlo?at_medium=RSS&at_campaign=rss,Man City complete £86m Bouaddi signing from Lille,auto
792,169,Sky Sports,rss,2026-08-26,official,https://www.skysports.com/football/news/12691/13576515/ayyoub-bouaddi-transfer-manchester-city-complete-record-breaking-86m-deal-to-sign-18-year-old-morocco-midfielder,Man City sign Bouaddi in record-breaking deal,auto
793,169,The Guardian,rss,2026-08-26,official,https://www.theguardian.com/football/2026/aug/26/manchester-city-omar-marmoush-spurs-loan-obligation-buy-nico-gonzalez-newcastle,Manchester City confirm Bouaddi signing as Marmoush and González head out,auto
794,265,The Guardian,rss,2026-08-26,rumour_link,https://www.theguardian.com/football/2026/aug/26/football-transfer-rumours-jean-philippe-mateta-to-aston-villa,Football transfer rumours: Jean-Philippe Mateta to Aston Villa?,auto
795,368,BBC Sport,rss,2026-08-26,agreement,https://www.bbc.co.uk/sport/football/articles/cx2zlnpnk4zo?at_medium=RSS&at_campaign=rss,Newcastle agree £52m deal for Man City's Gonzalez,auto
796,373,BBC Sport,rss,2026-08-26,agreement,https://www.bbc.co.uk/sport/football/articles/cx2z5ewlrwko?at_medium=RSS&at_campaign=rss,Tottenham agree loan for Man City's Marmoush,auto
797,373,Sky Sports,rss,2026-08-26,agreement,https://www.skysports.com/football/news/12691/13577289/omar-marmoush-transfer-news-tottenham-agree-deal-to-sign-man-city-forward-on-loan-with-60m-obligation-to-buy,Tottenham agree deal for Man City's Marmoush,auto
798,388,BBC Sport,rss,2026-08-26,talks,https://www.bbc.co.uk/sport/football/articles/cm27yzrkeydo?at_medium=RSS&at_campaign=rss,Chelsea in contact over move for Villa goalkeeper Martinez,auto
799,388,Sky Sports,rss,2026-08-26,interest,https://www.skysports.com/football/news/12691/13577385/emiliano-martinez-transfer-news-chelsea-considering-late-move-for-aston-villa-and-argentina-goalkeeper,Chelsea considering late move for Villa's Martinez,auto
800,388,The Guardian,rss,2026-08-26,talks,https://www.theguardian.com/football/2026/aug/26/chelsea-emiliano-martinez-aston-villa-goalkeeper,Chelsea in talks with Emiliano Martínez’s camp and braced for Enzo Fernández bid,auto
801,389,BBC Sport,rss,2026-08-26,here_we_go,https://www.bbc.co.uk/sport/football/articles/cew9lqzx9jeo?at_medium=RSS&at_campaign=rss,Coventry sign defender Pinnock from Brentford,auto
802,390,BBC Sport,rss,2026-08-26,interest,https://www.bbc.co.uk/sport/football/articles/cr7d5m4d928o?at_medium=RSS&at_campaign=rss,Liverpool turn attention to Sarr after Brighton reject Minteh bids,auto
803,390,Sky Sports,rss,2026-08-26,interest,https://www.skysports.com/football/news/12691/13577363/ismaila-sarr-transfer-news-liverpool-make-approach-for-senegal-forward-after-stalled-talks-for-yankuba-minteh,Liverpool make approach for Palace forward Sarr,auto
804,391,BBC Sport,rss,2026-08-26,advanced,https://www.bbc.co.uk/sport/football/articles/cn5dr0vyd3ro?at_medium=RSS&at_campaign=rss,Wrexham close in on Ekomie and Kabore deals,auto
805,392,The Guardian,rss,2026-08-26,talks,https://www.theguardian.com/football/2026/aug/26/forest-in-talks-with-celta-vigo-over-javi-rueda-as-axel-disasi-joins-palace-on-loan,Forest in talks with Celta Vigo over Javi Rueda as Axel Disasi joins Palace on loan,auto
806,393,BBC Sport,rss,2026-08-26,official,https://www.bbc.co.uk/sport/football/articles/cvgywdjvkkgo?at_medium=RSS&at_campaign=rss,Cardiff seal signing of West Brom defender Bielik,auto
807,115,BBC Sport,rss,2026-08-27,advanced,https://www.bbc.co.uk/sport/football/articles/c33kvgd3xpyo?at_medium=RSS&at_campaign=rss,Liverpool close in on £120m deal for PSG's Barcola,auto
808,115,Sky Sports,rss,2026-08-27,agreement,https://www.skysports.com/football/news/12691/13577569/bradley-barcola-transfer-news-liverpool-reach-120m-deal-in-principle-for-psg-forward,Liverpool agree £120m deal in principle for Barcola,auto
809,115,The Guardian,rss,2026-08-27,agreement,https://www.theguardian.com/football/2026/aug/27/liverpool-bradley-barcola-psg-transfer-window,Liverpool agree £120m deal for Bradley Barcola after breakthrough talks with PSG,auto
810,115,WhoScored,rss,2026-08-27,rumour_link,https://www.theguardian.com/football/who-scored-blog/2026/aug/27/transfer-window-barcola-alvarez-fernandez-gakpo-liverpool-arsenal-manchester-city-spurs,The big transfer stories to follow in final week of summer window,auto
811,261,BBC Sport,rss,2026-08-27,interest,https://www.bbc.co.uk/sport/football/articles/c0qxzqdwekwo?at_medium=RSS&at_campaign=rss,"Grealish keen on Everton, Man City look at Ndiaye",auto
812,265,BBC Sport,rss,2026-08-27,here_we_go,https://www.bbc.co.uk/sport/football/articles/cvgyln21jrmo?at_medium=RSS&at_campaign=rss,£50m Delap joins Forest – will he thrive at club?,auto
813,265,Sky Sports,rss,2026-08-27,here_we_go,https://www.skysports.com/football/news/12691/13577306/liam-delap-joins-nottingham-forest-in-club-record-50m-deal-as-chelsea-make-profit-on-striker,Chelsea make huge profit on Delap as striker joins Forest,auto
814,265,The Guardian,rss,2026-08-27,official,https://www.theguardian.com/football/2026/aug/27/liam-delap-signs-nottingham-forest-chelsea-transfer-latest,‘I can’t wait’: Liam Delap seals £45m Nottingham Forest move from Chelsea,auto
815,368,BBC Sport,rss,2026-08-26,here_we_go,https://www.bbc.co.uk/sport/football/articles/cwyz3ky2kqdo?at_medium=RSS&at_campaign=rss,'Mini-Rodri' Gonzalez shown he will be loved at Newcastle,auto
816,368,Sky Sports,rss,2026-08-26,here_we_go,https://www.skysports.com/football/news/12691/13577494/newcastle-transfer-news-nico-gonzalez-completes-50m-move-from-man-city,'He's the one we wanted': Newcastle sign Gonzalez from Man City,auto
817,373,Sky Sports,rss,2026-08-27,official,https://www.skysports.com/football/news/12691/13577796/omar-marmoush-transfer-news-tottenham-sign-man-city-forward-on-loan-with-60m-obligation-to-buy,Tottenham sign Marmoush on loan with obligation to buy,auto
818,377,BBC Sport,rss,2026-08-27,advanced,https://www.bbc.co.uk/sport/football/articles/cge4y57ygvdo?at_medium=RSS&at_campaign=rss,Villa close to £65m move for Chelsea's Jackson as Watkins nears exit,auto
819,379,BBC Sport,rss,2026-08-27,official,https://www.bbc.co.uk/sport/football/articles/c20vm630grxo?at_medium=RSS&at_campaign=rss,Villa sign Goretzka - what went wrong at Bayern and what will he bring?,auto
820,382,BBC Sport,rss,2026-08-27,here_we_go,https://www.bbc.co.uk/sport/football/articles/cd79n34g474o?at_medium=RSS&at_campaign=rss,Rangers bolster wing options with signing of Kim,auto
821,384,The Guardian,rss,2026-08-27,talks,https://www.theguardian.com/football/2026/aug/27/football-transfer-rumour-mill-crystal-palace-hijack-aston-villa-move-joel-ordonez,Football transfer rumours: Palace to hijack Aston Villa move for Joel Ordóñez?,auto
822,394,John McGlynn,rss,2026-08-27,talks,https://www.bbc.co.uk/sport/football/articles/c74e89w3w1wo?at_medium=RSS&at_campaign=rss,Dundee Utd's Spencer bids 'embarrassing' - Falkirk boss McGlynn,auto
823,395,BBC Sport,rss,2026-08-26,agreement,https://www.bbc.co.uk/sport/football/articles/crk3dr5pnyjo?at_medium=RSS&at_campaign=rss,West Ham accept £40m Brentford bid for Diouf,auto
824,396,BBC Sport,rss,2026-08-27,agreement,https://www.bbc.co.uk/sport/football/articles/cdj4ev9nmj4o?at_medium=RSS&at_campaign=rss,Chelsea agree £40m deal for Atalanta defender Ahanor,auto
825,397,The Guardian,rss,2026-08-27,interest,https://www.theguardian.com/football/2026/aug/27/enzo-maresca-manchester-city-more-captains-enzo-fernandez-chelsea,Manchester City target Iliman Ndiaye but Everton value forward at £80m,auto
826,398,BBC Sport,rss,2026-08-27,here_we_go,https://www.bbc.co.uk/sport/football/articles/cj06405yd22o?at_medium=RSS&at_campaign=rss,Sunderland defender Seelt joins Swansea on loan,auto
827,399,BBC Sport,rss,2026-08-27,talks,https://www.bbc.co.uk/sport/football/articles/cwyz9lllx3xo?at_medium=RSS&at_campaign=rss,Fiorentina in talks with Man United over Zirkzee loan,auto
828,400,Sky Sports,rss,2026-08-27,agreement,https://www.skysports.com/football/news/12691/13576566/rangers-transfer-news-minsu-kim-joins-from-girona160as-ibrox-clubs-12th-summer-signing,Kim joins Rangers in £8.5m deal,auto
829,401,BBC Sport,rss,2026-08-27,official,https://www.bbc.co.uk/sport/football/articles/cm2q77e1931o?at_medium=RSS&at_campaign=rss,Forward Cho becomes Hull's 12th summer signing,auto
